video_id,seq_idx,start_frame,end_frame,dance_type,dance_type_id,dancer,dancer_id,year,uid
3rIk56dcBTM,0,851,1221,toprock,0,el niño,10,2011,3rIk56dcBTM.851.1221
3rIk56dcBTM,0,1234,1330,powermove,1,el niño,10,2011,3rIk56dcBTM.1234.1330
3rIk56dcBTM,0,1348,1555,footwork,2,el niño,10,2011,3rIk56dcBTM.1348.1555
3rIk56dcBTM,0,1571,1645,powermove,1,el niño,10,2011,3rIk56dcBTM.1571.1645
3rIk56dcBTM,1,1751,2085,toprock,0,roxrite,47,2011,3rIk56dcBTM.1751.2085
3rIk56dcBTM,1,2086,2725,powermove,1,roxrite,47,2011,3rIk56dcBTM.2086.2725
3rIk56dcBTM,1,2728,2915,footwork,2,roxrite,47,2011,3rIk56dcBTM.2728.2915
3rIk56dcBTM,2,3012,3166,toprock,0,el niño,10,2011,3rIk56dcBTM.3012.3166
3rIk56dcBTM,2,3173,3304,powermove,1,el niño,10,2011,3rIk56dcBTM.3173.3304
3rIk56dcBTM,2,3315,3608,footwork,2,el niño,10,2011,3rIk56dcBTM.3315.3608
3rIk56dcBTM,2,3623,3764,powermove,1,el niño,10,2011,3rIk56dcBTM.3623.3764
3rIk56dcBTM,3,3851,3932,toprock,0,roxrite,47,2011,3rIk56dcBTM.3851.3932
3rIk56dcBTM,3,3948,4178,powermove,1,roxrite,47,2011,3rIk56dcBTM.3948.4178
3rIk56dcBTM,3,4196,4496,footwork,2,roxrite,47,2011,3rIk56dcBTM.4196.4496
A_KxOaDHi6o,0,831,1049,toprock,0,soso,51,2011,A_KxOaDHi6o.831.1049
A_KxOaDHi6o,0,1050,1150,footwork,2,soso,51,2011,A_KxOaDHi6o.1050.1150
A_KxOaDHi6o,0,1156,1351,powermove,1,soso,51,2011,A_KxOaDHi6o.1156.1351
A_KxOaDHi6o,1,1473,1666,toprock,0,roxrite,47,2011,A_KxOaDHi6o.1473.1666
A_KxOaDHi6o,1,1683,1755,powermove,1,roxrite,47,2011,A_KxOaDHi6o.1683.1755
A_KxOaDHi6o,1,1777,1958,toprock,0,roxrite,47,2011,A_KxOaDHi6o.1777.1958
A_KxOaDHi6o,1,1962,2410,powermove,1,roxrite,47,2011,A_KxOaDHi6o.1962.2410
A_KxOaDHi6o,2,2524,2662,toprock,0,soso,51,2011,A_KxOaDHi6o.2524.2662
A_KxOaDHi6o,2,2664,2745,powermove,1,soso,51,2011,A_KxOaDHi6o.2664.2745
A_KxOaDHi6o,2,2763,3001,footwork,2,soso,51,2011,A_KxOaDHi6o.2763.3001
A_KxOaDHi6o,2,3007,3334,powermove,1,soso,51,2011,A_KxOaDHi6o.3007.3334
A_KxOaDHi6o,3,3497,3715,toprock,0,roxrite,47,2011,A_KxOaDHi6o.3497.3715
A_KxOaDHi6o,3,3811,4280,powermove,1,roxrite,47,2011,A_KxOaDHi6o.3811.4280
HQbI8aWRU7o,0,1056,1495,footwork,2,roxrite,47,2011,HQbI8aWRU7o.1056.1495
HQbI8aWRU7o,1,1704,1961,powermove,1,neguin,39,2011,HQbI8aWRU7o.1704.1961
HQbI8aWRU7o,1,1986,2204,footwork,2,neguin,39,2011,HQbI8aWRU7o.1986.2204
HQbI8aWRU7o,1,2224,2335,powermove,1,neguin,39,2011,HQbI8aWRU7o.2224.2335
HQbI8aWRU7o,1,2340,2398,footwork,2,neguin,39,2011,HQbI8aWRU7o.2340.2398
HQbI8aWRU7o,2,2505,2944,toprock,0,roxrite,47,2011,HQbI8aWRU7o.2505.2944
HQbI8aWRU7o,2,2946,3194,powermove,1,roxrite,47,2011,HQbI8aWRU7o.2946.3194
HQbI8aWRU7o,2,3207,3423,footwork,2,roxrite,47,2011,HQbI8aWRU7o.3207.3423
HQbI8aWRU7o,3,3510,3758,toprock,0,neguin,39,2011,HQbI8aWRU7o.3510.3758
HQbI8aWRU7o,3,3774,4127,powermove,1,neguin,39,2011,HQbI8aWRU7o.3774.4127
HQbI8aWRU7o,4,4225,4351,toprock,0,roxrite,47,2011,HQbI8aWRU7o.4225.4351
HQbI8aWRU7o,4,4366,4551,powermove,1,roxrite,47,2011,HQbI8aWRU7o.4366.4551
HQbI8aWRU7o,4,4564,4773,footwork,2,roxrite,47,2011,HQbI8aWRU7o.4564.4773
HQbI8aWRU7o,5,4916,5034,toprock,0,neguin,39,2011,HQbI8aWRU7o.4916.5034
HQbI8aWRU7o,5,5054,5449,powermove,1,neguin,39,2011,HQbI8aWRU7o.5054.5449
MXtmXLpna0I,0,303,470,toprock,0,flying buddha,11,2011,MXtmXLpna0I.303.470
MXtmXLpna0I,0,485,700,powermove,1,flying buddha,11,2011,MXtmXLpna0I.485.700
MXtmXLpna0I,0,707,807,toprock,0,flying buddha,11,2011,MXtmXLpna0I.707.807
MXtmXLpna0I,0,823,1011,powermove,1,flying buddha,11,2011,MXtmXLpna0I.823.1011
MXtmXLpna0I,0,1025,1119,footwork,2,flying buddha,11,2011,MXtmXLpna0I.1025.1119
MXtmXLpna0I,1,1299,1428,toprock,0,neguin,39,2011,MXtmXLpna0I.1299.1428
MXtmXLpna0I,1,1455,1606,powermove,1,neguin,39,2011,MXtmXLpna0I.1455.1606
MXtmXLpna0I,1,1618,1948,footwork,2,neguin,39,2011,MXtmXLpna0I.1618.1948
MXtmXLpna0I,1,1964,2168,powermove,1,neguin,39,2011,MXtmXLpna0I.1964.2168
MXtmXLpna0I,2,2292,2368,toprock,0,flying buddha,11,2011,MXtmXLpna0I.2292.2368
MXtmXLpna0I,2,2384,2621,powermove,1,flying buddha,11,2011,MXtmXLpna0I.2384.2621
MXtmXLpna0I,2,2624,2702,footwork,2,flying buddha,11,2011,MXtmXLpna0I.2624.2702
MXtmXLpna0I,2,2721,2912,powermove,1,flying buddha,11,2011,MXtmXLpna0I.2721.2912
MXtmXLpna0I,2,2925,3007,footwork,2,flying buddha,11,2011,MXtmXLpna0I.2925.3007
MXtmXLpna0I,3,3128,3367,powermove,1,neguin,39,2011,MXtmXLpna0I.3128.3367
MXtmXLpna0I,3,3388,3459,footwork,2,neguin,39,2011,MXtmXLpna0I.3388.3459
MXtmXLpna0I,3,3472,3624,powermove,1,neguin,39,2011,MXtmXLpna0I.3472.3624
QwlEcwZiPaE,0,932,1494,toprock,0,yan,63,2011,QwlEcwZiPaE.932.1494
QwlEcwZiPaE,0,1510,1634,powermove,1,yan,63,2011,QwlEcwZiPaE.1510.1634
QwlEcwZiPaE,0,1655,2195,footwork,2,yan,63,2011,QwlEcwZiPaE.1655.2195
QwlEcwZiPaE,1,2333,2426,toprock,0,lil g,25,2011,QwlEcwZiPaE.2333.2426
QwlEcwZiPaE,1,2429,3132,powermove,1,lil g,25,2011,QwlEcwZiPaE.2429.3132
QwlEcwZiPaE,2,3333,3594,toprock,0,yan,63,2011,QwlEcwZiPaE.3333.3594
QwlEcwZiPaE,2,3616,4146,footwork,2,yan,63,2011,QwlEcwZiPaE.3616.4146
QwlEcwZiPaE,3,4247,4394,toprock,0,lil g,25,2011,QwlEcwZiPaE.4247.4394
QwlEcwZiPaE,3,4404,4621,footwork,2,lil g,25,2011,QwlEcwZiPaE.4404.4621
QwlEcwZiPaE,3,4635,4860,powermove,1,lil g,25,2011,QwlEcwZiPaE.4635.4860
RS0mFARO1x4,0,255,627,toprock,0,lil g,25,2011,RS0mFARO1x4.255.627
RS0mFARO1x4,0,646,759,footwork,2,lil g,25,2011,RS0mFARO1x4.646.759
RS0mFARO1x4,0,762,836,toprock,0,lil g,25,2011,RS0mFARO1x4.762.836
RS0mFARO1x4,0,880,1091,footwork,2,lil g,25,2011,RS0mFARO1x4.880.1091
RS0mFARO1x4,0,1111,1263,powermove,1,lil g,25,2011,RS0mFARO1x4.1111.1263
RS0mFARO1x4,1,1344,1551,toprock,0,roxrite,47,2011,RS0mFARO1x4.1344.1551
RS0mFARO1x4,1,1564,1919,powermove,1,roxrite,47,2011,RS0mFARO1x4.1564.1919
RS0mFARO1x4,2,2121,2231,toprock,0,lil g,25,2011,RS0mFARO1x4.2121.2231
RS0mFARO1x4,2,2251,2510,powermove,1,lil g,25,2011,RS0mFARO1x4.2251.2510
RS0mFARO1x4,2,2519,2728,footwork,2,lil g,25,2011,RS0mFARO1x4.2519.2728
RS0mFARO1x4,3,2834,2987,powermove,1,roxrite,47,2011,RS0mFARO1x4.2834.2987
RS0mFARO1x4,3,2998,3086,toprock,0,roxrite,47,2011,RS0mFARO1x4.2998.3086
RS0mFARO1x4,3,3099,3301,powermove,1,roxrite,47,2011,RS0mFARO1x4.3099.3301
RS0mFARO1x4,3,3385,3733,footwork,2,roxrite,47,2011,RS0mFARO1x4.3385.3733
RS0mFARO1x4,4,3802,4034,toprock,0,lil g,25,2011,RS0mFARO1x4.3802.4034
RS0mFARO1x4,4,4054,4151,footwork,2,lil g,25,2011,RS0mFARO1x4.4054.4151
RS0mFARO1x4,4,4171,4269,toprock,0,lil g,25,2011,RS0mFARO1x4.4171.4269
RS0mFARO1x4,4,4332,4423,powermove,1,lil g,25,2011,RS0mFARO1x4.4332.4423
RS0mFARO1x4,4,4445,4801,footwork,2,lil g,25,2011,RS0mFARO1x4.4445.4801
RS0mFARO1x4,5,5007,5201,toprock,0,roxrite,47,2011,RS0mFARO1x4.5007.5201
RS0mFARO1x4,5,5221,5656,powermove,1,roxrite,47,2011,RS0mFARO1x4.5221.5656
RS0mFARO1x4,6,6047,6328,powermove,1,lil g,25,2011,RS0mFARO1x4.6047.6328
RS0mFARO1x4,7,6382,6517,powermove,1,roxrite,47,2011,RS0mFARO1x4.6382.6517
fxXOlouckmE,0,2661,2965,toprock,0,morris,36,2011,fxXOlouckmE.2661.2965
fxXOlouckmE,0,2983,3181,powermove,1,morris,36,2011,fxXOlouckmE.2983.3181
fxXOlouckmE,0,3193,3381,footwork,2,morris,36,2011,fxXOlouckmE.3193.3381
fxXOlouckmE,0,3388,3585,powermove,1,morris,36,2011,fxXOlouckmE.3388.3585
fxXOlouckmE,1,3659,4021,toprock,0,taisuke,54,2011,fxXOlouckmE.3659.4021
fxXOlouckmE,1,4024,4243,powermove,1,taisuke,54,2011,fxXOlouckmE.4024.4243
fxXOlouckmE,1,4271,4526,footwork,2,taisuke,54,2011,fxXOlouckmE.4271.4526
fxXOlouckmE,2,4631,4941,toprock,0,morris,36,2011,fxXOlouckmE.4631.4941
fxXOlouckmE,2,4991,5301,powermove,1,morris,36,2011,fxXOlouckmE.4991.5301
fxXOlouckmE,2,5349,5440,footwork,2,morris,36,2011,fxXOlouckmE.5349.5440
fxXOlouckmE,3,5587,5716,toprock,0,taisuke,54,2011,fxXOlouckmE.5587.5716
fxXOlouckmE,3,5730,5822,powermove,1,taisuke,54,2011,fxXOlouckmE.5730.5822
fxXOlouckmE,3,5842,5907,toprock,0,taisuke,54,2011,fxXOlouckmE.5842.5907
fxXOlouckmE,3,5920,6195,powermove,1,taisuke,54,2011,fxXOlouckmE.5920.6195
fxXOlouckmE,3,6215,6307,toprock,0,taisuke,54,2011,fxXOlouckmE.6215.6307
fxXOlouckmE,3,6325,6412,powermove,1,taisuke,54,2011,fxXOlouckmE.6325.6412
k1RTNQxNt6Q,0,2142,2571,powermove,1,lil g,25,2011,k1RTNQxNt6Q.2142.2571
k1RTNQxNt6Q,1,2774,2958,toprock,0,morris,36,2011,k1RTNQxNt6Q.2774.2958
k1RTNQxNt6Q,1,2980,3102,footwork,2,morris,36,2011,k1RTNQxNt6Q.2980.3102
k1RTNQxNt6Q,1,3118,3394,powermove,1,morris,36,2011,k1RTNQxNt6Q.3118.3394
k1RTNQxNt6Q,2,3552,3663,toprock,0,lil g,25,2011,k1RTNQxNt6Q.3552.3663
k1RTNQxNt6Q,2,3672,3723,powermove,1,lil g,25,2011,k1RTNQxNt6Q.3672.3723
k1RTNQxNt6Q,2,3740,3849,toprock,0,lil g,25,2011,k1RTNQxNt6Q.3740.3849
k1RTNQxNt6Q,2,3875,4466,powermove,1,lil g,25,2011,k1RTNQxNt6Q.3875.4466
k1RTNQxNt6Q,3,4535,4644,toprock,0,morris,36,2011,k1RTNQxNt6Q.4535.4644
k1RTNQxNt6Q,3,4663,4800,powermove,1,morris,36,2011,k1RTNQxNt6Q.4663.4800
k1RTNQxNt6Q,3,4818,5010,toprock,0,morris,36,2011,k1RTNQxNt6Q.4818.5010
k1RTNQxNt6Q,3,5023,5351,footwork,2,morris,36,2011,k1RTNQxNt6Q.5023.5351
k1RTNQxNt6Q,4,5538,5792,toprock,0,lil g,25,2011,k1RTNQxNt6Q.5538.5792
k1RTNQxNt6Q,4,5796,5972,powermove,1,lil g,25,2011,k1RTNQxNt6Q.5796.5972
k1RTNQxNt6Q,4,6034,6104,toprock,0,lil g,25,2011,k1RTNQxNt6Q.6034.6104
k1RTNQxNt6Q,4,6124,6425,footwork,2,lil g,25,2011,k1RTNQxNt6Q.6124.6425
k1RTNQxNt6Q,5,6597,6708,toprock,0,morris,36,2011,k1RTNQxNt6Q.6597.6708
k1RTNQxNt6Q,5,6726,7170,footwork,2,morris,36,2011,k1RTNQxNt6Q.6726.7170
k1RTNQxNt6Q,5,7199,7302,toprock,0,morris,36,2011,k1RTNQxNt6Q.7199.7302
k1RTNQxNt6Q,5,7316,7472,powermove,1,morris,36,2011,k1RTNQxNt6Q.7316.7472
-mT5x-j_TpI,0,575,785,toprock,0,wing,62,2013,-mT5x-j_TpI.575.785
-mT5x-j_TpI,0,784,913,footwork,2,wing,62,2013,-mT5x-j_TpI.784.913
-mT5x-j_TpI,0,912,1041,powermove,1,wing,62,2013,-mT5x-j_TpI.912.1041
-mT5x-j_TpI,1,1337,1473,toprock,0,robin,45,2013,-mT5x-j_TpI.1337.1473
-mT5x-j_TpI,1,1472,1658,footwork,2,robin,45,2013,-mT5x-j_TpI.1472.1658
-mT5x-j_TpI,1,1657,1863,powermove,1,robin,45,2013,-mT5x-j_TpI.1657.1863
-mT5x-j_TpI,2,1951,2502,powermove,1,wing,62,2013,-mT5x-j_TpI.1951.2502
-mT5x-j_TpI,3,2871,3022,toprock,0,robin,45,2013,-mT5x-j_TpI.2871.3022
-mT5x-j_TpI,3,3021,3524,powermove,1,robin,45,2013,-mT5x-j_TpI.3021.3524
-mT5x-j_TpI,4,3749,3903,toprock,0,wing,62,2013,-mT5x-j_TpI.3749.3903
-mT5x-j_TpI,4,3902,3949,powermove,1,wing,62,2013,-mT5x-j_TpI.3902.3949
-mT5x-j_TpI,4,3948,4022,toprock,0,wing,62,2013,-mT5x-j_TpI.3948.4022
-mT5x-j_TpI,4,4021,4137,footwork,2,wing,62,2013,-mT5x-j_TpI.4021.4137
-mT5x-j_TpI,4,4136,4297,toprock,0,wing,62,2013,-mT5x-j_TpI.4136.4297
-mT5x-j_TpI,4,4296,4400,footwork,2,wing,62,2013,-mT5x-j_TpI.4296.4400
-mT5x-j_TpI,5,4795,5071,toprock,0,robin,45,2013,-mT5x-j_TpI.4795.5071
-mT5x-j_TpI,5,5070,5577,powermove,1,robin,45,2013,-mT5x-j_TpI.5070.5577
2j3UEJGUHC0,0,791,984,toprock,0,wing,62,2013,2j3UEJGUHC0.791.984
2j3UEJGUHC0,0,983,1025,footwork,2,wing,62,2013,2j3UEJGUHC0.983.1025
2j3UEJGUHC0,0,1030,1430,powermove,1,wing,62,2013,2j3UEJGUHC0.1030.1430
2j3UEJGUHC0,0,1429,1592,toprock,0,wing,62,2013,2j3UEJGUHC0.1429.1592
2j3UEJGUHC0,0,1591,1954,footwork,2,wing,62,2013,2j3UEJGUHC0.1591.1954
2j3UEJGUHC0,1,2231,2333,toprock,0,nori,40,2013,2j3UEJGUHC0.2231.2333
2j3UEJGUHC0,1,2334,2688,powermove,1,nori,40,2013,2j3UEJGUHC0.2334.2688
2j3UEJGUHC0,1,2691,2995,footwork,2,nori,40,2013,2j3UEJGUHC0.2691.2995
2j3UEJGUHC0,2,3371,3445,toprock,0,wing,62,2013,2j3UEJGUHC0.3371.3445
2j3UEJGUHC0,2,3444,3775,footwork,2,wing,62,2013,2j3UEJGUHC0.3444.3775
2j3UEJGUHC0,2,3776,4046,powermove,1,wing,62,2013,2j3UEJGUHC0.3776.4046
2j3UEJGUHC0,2,4046,4383,footwork,2,wing,62,2013,2j3UEJGUHC0.4046.4383
2j3UEJGUHC0,3,4435,4518,powermove,1,nori,40,2013,2j3UEJGUHC0.4435.4518
2j3UEJGUHC0,3,4517,4744,toprock,0,nori,40,2013,2j3UEJGUHC0.4517.4744
2j3UEJGUHC0,3,4743,5141,powermove,1,nori,40,2013,2j3UEJGUHC0.4743.5141
2j3UEJGUHC0,4,5508,5565,toprock,0,wing,62,2013,2j3UEJGUHC0.5508.5565
2j3UEJGUHC0,4,5564,6233,footwork,2,wing,62,2013,2j3UEJGUHC0.5564.6233
2j3UEJGUHC0,5,6383,6435,toprock,0,nori,40,2013,2j3UEJGUHC0.6383.6435
2j3UEJGUHC0,5,6434,6832,footwork,2,nori,40,2013,2j3UEJGUHC0.6434.6832
AWyphq2wobE,0,1020,1533,footwork,2,mounir,37,2013,AWyphq2wobE.1020.1533
AWyphq2wobE,1,1793,2363,footwork,2,gravity,13,2013,AWyphq2wobE.1793.2363
AWyphq2wobE,2,2471,2859,footwork,2,mounir,37,2013,AWyphq2wobE.2471.2859
AWyphq2wobE,3,3153,3747,powermove,1,gravity,13,2013,AWyphq2wobE.3153.3747
AWyphq2wobE,4,4044,4427,footwork,2,mounir,37,2013,AWyphq2wobE.4044.4427
AWyphq2wobE,5,4602,4746,toprock,0,gravity,13,2013,AWyphq2wobE.4602.4746
AWyphq2wobE,5,4745,5258,powermove,1,gravity,13,2013,AWyphq2wobE.4745.5258
ER_MI5KWckY,0,195,464,toprock,0,roxrite,47,2013,ER_MI5KWckY.195.464
ER_MI5KWckY,0,463,754,powermove,1,roxrite,47,2013,ER_MI5KWckY.463.754
ER_MI5KWckY,0,753,1136,footwork,2,roxrite,47,2013,ER_MI5KWckY.753.1136
ER_MI5KWckY,1,1354,1511,toprock,0,arex,1,2013,ER_MI5KWckY.1354.1511
ER_MI5KWckY,1,1510,1820,powermove,1,arex,1,2013,ER_MI5KWckY.1510.1820
ER_MI5KWckY,1,1821,2083,footwork,2,arex,1,2013,ER_MI5KWckY.1821.2083
ER_MI5KWckY,2,2282,2444,toprock,0,roxrite,47,2013,ER_MI5KWckY.2282.2444
ER_MI5KWckY,2,2443,2898,powermove,1,roxrite,47,2013,ER_MI5KWckY.2443.2898
ER_MI5KWckY,3,3080,3270,toprock,0,arex,1,2013,ER_MI5KWckY.3080.3270
ER_MI5KWckY,3,3269,3399,powermove,1,arex,1,2013,ER_MI5KWckY.3269.3399
ER_MI5KWckY,3,3398,3807,footwork,2,arex,1,2013,ER_MI5KWckY.3398.3807
ER_MI5KWckY,4,3942,4213,toprock,0,roxrite,47,2013,ER_MI5KWckY.3942.4213
ER_MI5KWckY,4,4212,4638,powermove,1,roxrite,47,2013,ER_MI5KWckY.4212.4638
ER_MI5KWckY,5,4794,4957,toprock,0,arex,1,2013,ER_MI5KWckY.4794.4957
ER_MI5KWckY,5,4956,5065,powermove,1,arex,1,2013,ER_MI5KWckY.4956.5065
ER_MI5KWckY,5,5064,5457,footwork,2,arex,1,2013,ER_MI5KWckY.5064.5457
J81VYjZvg80,0,2472,2693,toprock,0,hong 10,15,2013,J81VYjZvg80.2472.2693
J81VYjZvg80,0,2692,3170,powermove,1,hong 10,15,2013,J81VYjZvg80.2692.3170
J81VYjZvg80,1,3242,3416,toprock,0,menno,34,2013,J81VYjZvg80.3242.3416
J81VYjZvg80,1,3415,3642,footwork,2,menno,34,2013,J81VYjZvg80.3415.3642
J81VYjZvg80,1,3641,3757,powermove,1,menno,34,2013,J81VYjZvg80.3641.3757
J81VYjZvg80,1,3756,4247,footwork,2,menno,34,2013,J81VYjZvg80.3756.4247
J81VYjZvg80,2,4465,4593,toprock,0,hong 10,15,2013,J81VYjZvg80.4465.4593
J81VYjZvg80,2,4592,4916,footwork,2,hong 10,15,2013,J81VYjZvg80.4592.4916
J81VYjZvg80,2,4919,5526,powermove,1,hong 10,15,2013,J81VYjZvg80.4919.5526
J81VYjZvg80,3,5674,6398,powermove,1,menno,34,2013,J81VYjZvg80.5674.6398
J81VYjZvg80,4,6515,6716,toprock,0,hong 10,15,2013,J81VYjZvg80.6515.6716
J81VYjZvg80,4,6715,7159,footwork,2,hong 10,15,2013,J81VYjZvg80.6715.7159
J81VYjZvg80,4,7158,7332,powermove,1,hong 10,15,2013,J81VYjZvg80.7158.7332
J81VYjZvg80,5,7585,7639,toprock,0,menno,34,2013,J81VYjZvg80.7585.7639
J81VYjZvg80,5,7638,8099,powermove,1,menno,34,2013,J81VYjZvg80.7638.8099
J81VYjZvg80,5,8098,8212,footwork,2,menno,34,2013,J81VYjZvg80.8098.8212
J81VYjZvg80,5,8211,8468,powermove,1,menno,34,2013,J81VYjZvg80.8211.8468
N5Qu7t4Mb4I,0,376,653,toprock,0,mounir,37,2013,N5Qu7t4Mb4I.376.653
N5Qu7t4Mb4I,0,658,942,powermove,1,mounir,37,2013,N5Qu7t4Mb4I.658.942
N5Qu7t4Mb4I,0,1031,1092,footwork,2,mounir,37,2013,N5Qu7t4Mb4I.1031.1092
N5Qu7t4Mb4I,1,1294,1461,toprock,0,hong 10,15,2013,N5Qu7t4Mb4I.1294.1461
N5Qu7t4Mb4I,1,1468,1557,powermove,1,hong 10,15,2013,N5Qu7t4Mb4I.1468.1557
N5Qu7t4Mb4I,1,1559,1779,footwork,2,hong 10,15,2013,N5Qu7t4Mb4I.1559.1779
N5Qu7t4Mb4I,1,1786,2069,powermove,1,hong 10,15,2013,N5Qu7t4Mb4I.1786.2069
N5Qu7t4Mb4I,2,2349,2624,toprock,0,mounir,37,2013,N5Qu7t4Mb4I.2349.2624
N5Qu7t4Mb4I,2,2631,2936,footwork,2,mounir,37,2013,N5Qu7t4Mb4I.2631.2936
N5Qu7t4Mb4I,2,2943,3094,powermove,1,mounir,37,2013,N5Qu7t4Mb4I.2943.3094
N5Qu7t4Mb4I,3,3253,3833,footwork,2,hong 10,15,2013,N5Qu7t4Mb4I.3253.3833
N5Qu7t4Mb4I,4,4023,4388,toprock,0,mounir,37,2013,N5Qu7t4Mb4I.4023.4388
N5Qu7t4Mb4I,4,4392,4536,powermove,1,mounir,37,2013,N5Qu7t4Mb4I.4392.4536
N5Qu7t4Mb4I,4,4563,5184,footwork,2,mounir,37,2013,N5Qu7t4Mb4I.4563.5184
N5Qu7t4Mb4I,5,5453,5507,toprock,0,hong 10,15,2013,N5Qu7t4Mb4I.5453.5507
N5Qu7t4Mb4I,5,5511,5625,powermove,1,hong 10,15,2013,N5Qu7t4Mb4I.5511.5625
N5Qu7t4Mb4I,5,5628,5935,footwork,2,hong 10,15,2013,N5Qu7t4Mb4I.5628.5935
N5Qu7t4Mb4I,5,5951,6217,powermove,1,hong 10,15,2013,N5Qu7t4Mb4I.5951.6217
ToFyPVocxMk,0,970,1090,toprock,0,lil zoo,27,2013,ToFyPVocxMk.970.1090
ToFyPVocxMk,0,1095,1364,powermove,1,lil zoo,27,2013,ToFyPVocxMk.1095.1364
ToFyPVocxMk,0,1368,1548,footwork,2,lil zoo,27,2013,ToFyPVocxMk.1368.1548
ToFyPVocxMk,1,1826,2119,powermove,1,hong 10,15,2013,ToFyPVocxMk.1826.2119
ToFyPVocxMk,1,2133,2501,footwork,2,hong 10,15,2013,ToFyPVocxMk.2133.2501
ToFyPVocxMk,2,2647,2894,footwork,2,lil zoo,27,2013,ToFyPVocxMk.2647.2894
ToFyPVocxMk,2,2905,3128,powermove,1,lil zoo,27,2013,ToFyPVocxMk.2905.3128
ToFyPVocxMk,3,3305,3414,powermove,1,hong 10,15,2013,ToFyPVocxMk.3305.3414
ToFyPVocxMk,3,3421,4141,footwork,2,hong 10,15,2013,ToFyPVocxMk.3421.4141
ToFyPVocxMk,4,4381,4561,toprock,0,lil zoo,27,2013,ToFyPVocxMk.4381.4561
ToFyPVocxMk,4,4568,5062,footwork,2,lil zoo,27,2013,ToFyPVocxMk.4568.5062
ToFyPVocxMk,5,5621,5786,toprock,0,hong 10,15,2013,ToFyPVocxMk.5621.5786
ToFyPVocxMk,5,5792,6147,powermove,1,hong 10,15,2013,ToFyPVocxMk.5792.6147
ToFyPVocxMk,5,6151,6463,footwork,2,hong 10,15,2013,ToFyPVocxMk.6151.6463
U98V5ky0RBk,0,98,624,toprock,0,omar,41,2013,U98V5ky0RBk.98.624
U98V5ky0RBk,0,632,1643,footwork,2,omar,41,2013,U98V5ky0RBk.632.1643
U98V5ky0RBk,1,1704,1984,toprock,0,robin,45,2013,U98V5ky0RBk.1704.1984
U98V5ky0RBk,1,1989,2051,powermove,1,robin,45,2013,U98V5ky0RBk.1989.2051
U98V5ky0RBk,1,2060,2793,footwork,2,robin,45,2013,U98V5ky0RBk.2060.2793
U98V5ky0RBk,2,3258,3322,toprock,0,omar,41,2013,U98V5ky0RBk.3258.3322
U98V5ky0RBk,2,3325,3491,footwork,2,omar,41,2013,U98V5ky0RBk.3325.3491
U98V5ky0RBk,3,3606,3655,toprock,0,robin,45,2013,U98V5ky0RBk.3606.3655
U98V5ky0RBk,3,3797,3869,powermove,1,robin,45,2013,U98V5ky0RBk.3797.3869
U98V5ky0RBk,3,3875,4431,footwork,2,robin,45,2013,U98V5ky0RBk.3875.4431
U98V5ky0RBk,4,4642,4741,toprock,0,omar,41,2013,U98V5ky0RBk.4642.4741
U98V5ky0RBk,4,4746,5109,footwork,2,omar,41,2013,U98V5ky0RBk.4746.5109
U98V5ky0RBk,5,5370,6049,footwork,2,robin,45,2013,U98V5ky0RBk.5370.6049
fafUiXUQ4Ac,0,122,414,toprock,0,mounir,37,2013,fafUiXUQ4Ac.122.414
fafUiXUQ4Ac,0,413,1020,powermove,1,mounir,37,2013,fafUiXUQ4Ac.413.1020
fafUiXUQ4Ac,1,1087,1376,toprock,0,froz,12,2013,fafUiXUQ4Ac.1087.1376
fafUiXUQ4Ac,1,1375,1822,powermove,1,froz,12,2013,fafUiXUQ4Ac.1375.1822
fafUiXUQ4Ac,2,2112,2301,toprock,0,mounir,37,2013,fafUiXUQ4Ac.2112.2301
fafUiXUQ4Ac,2,2300,2793,powermove,1,mounir,37,2013,fafUiXUQ4Ac.2300.2793
fafUiXUQ4Ac,3,3030,3704,powermove,1,froz,12,2013,fafUiXUQ4Ac.3030.3704
fafUiXUQ4Ac,4,3982,4210,toprock,0,mounir,37,2013,fafUiXUQ4Ac.3982.4210
fafUiXUQ4Ac,4,4209,4415,powermove,1,mounir,37,2013,fafUiXUQ4Ac.4209.4415
fafUiXUQ4Ac,4,4414,4562,footwork,2,mounir,37,2013,fafUiXUQ4Ac.4414.4562
fafUiXUQ4Ac,5,5061,5101,toprock,0,froz,12,2013,fafUiXUQ4Ac.5061.5101
fafUiXUQ4Ac,5,5100,5301,powermove,1,froz,12,2013,fafUiXUQ4Ac.5100.5301
fafUiXUQ4Ac,5,5300,5780,footwork,2,froz,12,2013,fafUiXUQ4Ac.5300.5780
hF_jFEvaWo4,0,2154,2267,toprock,0,mounir,37,2013,hF_jFEvaWo4.2154.2267
hF_jFEvaWo4,0,2371,2655,footwork,2,mounir,37,2013,hF_jFEvaWo4.2371.2655
hF_jFEvaWo4,0,2654,2974,powermove,1,mounir,37,2013,hF_jFEvaWo4.2654.2974
hF_jFEvaWo4,1,3214,3837,powermove,1,lilou,28,2013,hF_jFEvaWo4.3214.3837
hF_jFEvaWo4,2,3998,4467,footwork,2,mounir,37,2013,hF_jFEvaWo4.3998.4467
hF_jFEvaWo4,3,4593,5267,powermove,1,lilou,28,2013,hF_jFEvaWo4.4593.5267
hF_jFEvaWo4,4,5659,5728,toprock,0,mounir,37,2013,hF_jFEvaWo4.5659.5728
hF_jFEvaWo4,4,5727,6048,footwork,2,mounir,37,2013,hF_jFEvaWo4.5727.6048
hF_jFEvaWo4,4,6047,6285,powermove,1,mounir,37,2013,hF_jFEvaWo4.6047.6285
hF_jFEvaWo4,5,6405,6653,toprock,0,lilou,28,2013,hF_jFEvaWo4.6405.6653
hF_jFEvaWo4,5,6652,6964,powermove,1,lilou,28,2013,hF_jFEvaWo4.6652.6964
hF_jFEvaWo4,5,6963,7025,toprock,0,lilou,28,2013,hF_jFEvaWo4.6963.7025
hF_jFEvaWo4,5,7024,7347,footwork,2,lilou,28,2013,hF_jFEvaWo4.7024.7347
l9pBNENDXYo,0,933,1173,toprock,0,lil zoo,27,2013,l9pBNENDXYo.933.1173
l9pBNENDXYo,0,1172,1782,powermove,1,lil zoo,27,2013,l9pBNENDXYo.1172.1782
l9pBNENDXYo,1,1927,2026,powermove,1,neguin,39,2013,l9pBNENDXYo.1927.2026
l9pBNENDXYo,1,2025,2207,toprock,0,neguin,39,2013,l9pBNENDXYo.2025.2207
l9pBNENDXYo,1,2206,2602,powermove,1,neguin,39,2013,l9pBNENDXYo.2206.2602
l9pBNENDXYo,2,2621,3145,powermove,1,lil zoo,27,2013,l9pBNENDXYo.2621.3145
l9pBNENDXYo,3,3298,3727,powermove,1,neguin,39,2013,l9pBNENDXYo.3298.3727
l9pBNENDXYo,4,4131,4309,footwork,2,lil zoo,27,2013,l9pBNENDXYo.4131.4309
l9pBNENDXYo,5,4463,4913,powermove,1,neguin,39,2013,l9pBNENDXYo.4463.4913
nkVvghOaoJs,0,2301,2643,toprock,0,ronnie,46,2013,nkVvghOaoJs.2301.2643
nkVvghOaoJs,0,2648,3020,powermove,1,ronnie,46,2013,nkVvghOaoJs.2648.3020
nkVvghOaoJs,1,3152,3410,toprock,0,gravity,13,2013,nkVvghOaoJs.3152.3410
nkVvghOaoJs,1,3415,4024,powermove,1,gravity,13,2013,nkVvghOaoJs.3415.4024
nkVvghOaoJs,2,4162,4248,toprock,0,ronnie,46,2013,nkVvghOaoJs.4162.4248
nkVvghOaoJs,2,4252,4368,powermove,1,ronnie,46,2013,nkVvghOaoJs.4252.4368
nkVvghOaoJs,2,4381,4725,footwork,2,ronnie,46,2013,nkVvghOaoJs.4381.4725
nkVvghOaoJs,3,4780,5051,toprock,0,gravity,13,2013,nkVvghOaoJs.4780.5051
nkVvghOaoJs,3,5061,5464,powermove,1,gravity,13,2013,nkVvghOaoJs.5061.5464
nkVvghOaoJs,3,5470,5652,footwork,2,gravity,13,2013,nkVvghOaoJs.5470.5652
nkVvghOaoJs,4,5744,5940,toprock,0,ronnie,46,2013,nkVvghOaoJs.5744.5940
nkVvghOaoJs,4,5942,6345,footwork,2,ronnie,46,2013,nkVvghOaoJs.5942.6345
nkVvghOaoJs,5,6545,6684,toprock,0,gravity,13,2013,nkVvghOaoJs.6545.6684
nkVvghOaoJs,5,6701,7349,footwork,2,gravity,13,2013,nkVvghOaoJs.6701.7349
u525d_b3TfY,0,2546,2810,toprock,0,wing,62,2013,u525d_b3TfY.2546.2810
u525d_b3TfY,0,2815,3220,powermove,1,wing,62,2013,u525d_b3TfY.2815.3220
u525d_b3TfY,1,3287,3499,toprock,0,hong 10,15,2013,u525d_b3TfY.3287.3499
u525d_b3TfY,1,3504,3580,footwork,2,hong 10,15,2013,u525d_b3TfY.3504.3580
u525d_b3TfY,1,3585,3835,powermove,1,hong 10,15,2013,u525d_b3TfY.3585.3835
u525d_b3TfY,1,3864,4187,footwork,2,hong 10,15,2013,u525d_b3TfY.3864.4187
u525d_b3TfY,1,4206,4383,powermove,1,hong 10,15,2013,u525d_b3TfY.4206.4383
u525d_b3TfY,2,4398,4437,powermove,1,wing,62,2013,u525d_b3TfY.4398.4437
u525d_b3TfY,2,4448,4625,toprock,0,wing,62,2013,u525d_b3TfY.4448.4625
u525d_b3TfY,2,4631,5067,footwork,2,wing,62,2013,u525d_b3TfY.4631.5067
u525d_b3TfY,3,5103,5623,footwork,2,hong 10,15,2013,u525d_b3TfY.5103.5623
u525d_b3TfY,4,6005,6263,toprock,0,wing,62,2013,u525d_b3TfY.6005.6263
u525d_b3TfY,4,6266,6755,footwork,2,wing,62,2013,u525d_b3TfY.6266.6755
u525d_b3TfY,5,7071,7286,toprock,0,hong 10,15,2013,u525d_b3TfY.7071.7286
u525d_b3TfY,5,7291,7814,footwork,2,hong 10,15,2013,u525d_b3TfY.7291.7814
u525d_b3TfY,5,7816,7968,powermove,1,hong 10,15,2013,u525d_b3TfY.7816.7968
w9Kyhjk6uSk,0,748,1034,toprock,0,taisuke,54,2013,w9Kyhjk6uSk.748.1034
w9Kyhjk6uSk,0,1039,1510,powermove,1,taisuke,54,2013,w9Kyhjk6uSk.1039.1510
w9Kyhjk6uSk,1,1558,1943,toprock,0,lilou,28,2013,w9Kyhjk6uSk.1558.1943
w9Kyhjk6uSk,1,1949,2640,footwork,2,lilou,28,2013,w9Kyhjk6uSk.1949.2640
w9Kyhjk6uSk,2,2849,3170,toprock,0,taisuke,54,2013,w9Kyhjk6uSk.2849.3170
w9Kyhjk6uSk,2,3179,3353,powermove,1,taisuke,54,2013,w9Kyhjk6uSk.3179.3353
w9Kyhjk6uSk,2,3436,3645,powermove,1,taisuke,54,2013,w9Kyhjk6uSk.3436.3645
w9Kyhjk6uSk,3,3836,4056,toprock,0,lilou,28,2013,w9Kyhjk6uSk.3836.4056
w9Kyhjk6uSk,3,4061,4169,powermove,1,lilou,28,2013,w9Kyhjk6uSk.4061.4169
w9Kyhjk6uSk,3,4174,4710,footwork,2,lilou,28,2013,w9Kyhjk6uSk.4174.4710
w9Kyhjk6uSk,4,4802,5274,footwork,2,taisuke,54,2013,w9Kyhjk6uSk.4802.5274
w9Kyhjk6uSk,5,5698,5752,toprock,0,lilou,28,2013,w9Kyhjk6uSk.5698.5752
w9Kyhjk6uSk,5,5769,6056,footwork,2,lilou,28,2013,w9Kyhjk6uSk.5769.6056
z_713w5z1QQ,0,256,346,toprock,0,lilou,28,2013,z_713w5z1QQ.256.346
z_713w5z1QQ,0,361,583,powermove,1,lilou,28,2013,z_713w5z1QQ.361.583
z_713w5z1QQ,0,608,961,footwork,2,lilou,28,2013,z_713w5z1QQ.608.961
z_713w5z1QQ,1,1082,1236,toprock,0,roxrite,47,2013,z_713w5z1QQ.1082.1236
z_713w5z1QQ,1,1378,1913,footwork,2,roxrite,47,2013,z_713w5z1QQ.1378.1913
z_713w5z1QQ,2,1980,2254,toprock,0,lilou,28,2013,z_713w5z1QQ.1980.2254
z_713w5z1QQ,2,2259,2373,powermove,1,lilou,28,2013,z_713w5z1QQ.2259.2373
z_713w5z1QQ,2,2407,2662,footwork,2,lilou,28,2013,z_713w5z1QQ.2407.2662
z_713w5z1QQ,3,2970,3132,powermove,1,roxrite,47,2013,z_713w5z1QQ.2970.3132
z_713w5z1QQ,3,3141,3359,footwork,2,roxrite,47,2013,z_713w5z1QQ.3141.3359
z_713w5z1QQ,4,3604,4122,footwork,2,lilou,28,2013,z_713w5z1QQ.3604.4122
z_713w5z1QQ,5,4295,4659,toprock,0,roxrite,47,2013,z_713w5z1QQ.4295.4659
z_713w5z1QQ,5,4663,5236,footwork,2,roxrite,47,2013,z_713w5z1QQ.4663.5236
-OFL9l7_y2g,0,1559,1666,toprock,0,menno,34,2014,-OFL9l7_y2g.1559.1666
-OFL9l7_y2g,0,1665,1813,footwork,2,menno,34,2014,-OFL9l7_y2g.1665.1813
-OFL9l7_y2g,0,1812,2187,powermove,1,menno,34,2014,-OFL9l7_y2g.1812.2187
-OFL9l7_y2g,1,2320,2514,toprock,0,thesis,56,2014,-OFL9l7_y2g.2320.2514
-OFL9l7_y2g,1,3271,3353,footwork,2,thesis,56,2014,-OFL9l7_y2g.3271.3353
-OFL9l7_y2g,1,2738,3210,powermove,1,thesis,56,2014,-OFL9l7_y2g.2738.3210
-OFL9l7_y2g,1,2513,2739,footwork,2,thesis,56,2014,-OFL9l7_y2g.2513.2739
-OFL9l7_y2g,1,3209,3272,toprock,0,thesis,56,2014,-OFL9l7_y2g.3209.3272
-OFL9l7_y2g,2,3807,4165,powermove,1,menno,34,2014,-OFL9l7_y2g.3807.4165
-OFL9l7_y2g,3,4297,4339,toprock,0,thesis,56,2014,-OFL9l7_y2g.4297.4339
-OFL9l7_y2g,3,4338,4688,powermove,1,thesis,56,2014,-OFL9l7_y2g.4338.4688
7e1kVpP0Gp0,0,524,737,toprock,0,thesis,56,2014,7e1kVpP0Gp0.524.737
7e1kVpP0Gp0,0,736,1220,powermove,1,thesis,56,2014,7e1kVpP0Gp0.736.1220
7e1kVpP0Gp0,1,1373,1559,toprock,0,benny,4,2014,7e1kVpP0Gp0.1373.1559
7e1kVpP0Gp0,1,1558,1831,powermove,1,benny,4,2014,7e1kVpP0Gp0.1558.1831
7e1kVpP0Gp0,1,1830,1902,toprock,0,benny,4,2014,7e1kVpP0Gp0.1830.1902
7e1kVpP0Gp0,1,1901,2123,footwork,2,benny,4,2014,7e1kVpP0Gp0.1901.2123
7e1kVpP0Gp0,2,2472,2780,toprock,0,thesis,56,2014,7e1kVpP0Gp0.2472.2780
7e1kVpP0Gp0,2,2779,3214,footwork,2,thesis,56,2014,7e1kVpP0Gp0.2779.3214
7e1kVpP0Gp0,3,3314,3512,toprock,0,benny,4,2014,7e1kVpP0Gp0.3314.3512
7e1kVpP0Gp0,3,3511,3750,powermove,1,benny,4,2014,7e1kVpP0Gp0.3511.3750
7e1kVpP0Gp0,3,3749,3857,toprock,0,benny,4,2014,7e1kVpP0Gp0.3749.3857
7e1kVpP0Gp0,3,3856,4210,powermove,1,benny,4,2014,7e1kVpP0Gp0.3856.4210
7e1kVpP0Gp0,4,4675,4847,toprock,0,thesis,56,2014,7e1kVpP0Gp0.4675.4847
7e1kVpP0Gp0,4,4846,5262,footwork,2,thesis,56,2014,7e1kVpP0Gp0.4846.5262
7e1kVpP0Gp0,5,5457,5671,powermove,1,benny,4,2014,7e1kVpP0Gp0.5457.5671
7e1kVpP0Gp0,5,5670,5852,footwork,2,benny,4,2014,7e1kVpP0Gp0.5670.5852
C6jYc9536Vs,0,1038,1328,toprock,0,hong 10,15,2014,C6jYc9536Vs.1038.1328
C6jYc9536Vs,0,1327,1434,powermove,1,hong 10,15,2014,C6jYc9536Vs.1327.1434
C6jYc9536Vs,0,1433,1483,toprock,0,hong 10,15,2014,C6jYc9536Vs.1433.1483
C6jYc9536Vs,0,1482,1584,footwork,2,hong 10,15,2014,C6jYc9536Vs.1482.1584
C6jYc9536Vs,0,1583,1650,toprock,0,hong 10,15,2014,C6jYc9536Vs.1583.1650
C6jYc9536Vs,0,1649,1984,powermove,1,hong 10,15,2014,C6jYc9536Vs.1649.1984
C6jYc9536Vs,0,1983,2207,footwork,2,hong 10,15,2014,C6jYc9536Vs.1983.2207
C6jYc9536Vs,1,2307,2458,toprock,0,victor,60,2014,C6jYc9536Vs.2307.2458
C6jYc9536Vs,1,2457,2898,powermove,1,victor,60,2014,C6jYc9536Vs.2457.2898
C6jYc9536Vs,1,2897,3055,footwork,2,victor,60,2014,C6jYc9536Vs.2897.3055
C6jYc9536Vs,1,3054,3313,powermove,1,victor,60,2014,C6jYc9536Vs.3054.3313
C6jYc9536Vs,2,3648,3737,footwork,2,hong 10,15,2014,C6jYc9536Vs.3648.3737
C6jYc9536Vs,2,3736,3817,toprock,0,hong 10,15,2014,C6jYc9536Vs.3736.3817
C6jYc9536Vs,2,3816,4084,powermove,1,hong 10,15,2014,C6jYc9536Vs.3816.4084
C6jYc9536Vs,2,4083,4405,footwork,2,hong 10,15,2014,C6jYc9536Vs.4083.4405
C6jYc9536Vs,3,4568,5004,powermove,1,victor,60,2014,C6jYc9536Vs.4568.5004
C6jYc9536Vs,3,5003,5219,footwork,2,victor,60,2014,C6jYc9536Vs.5003.5219
Hh4aUb-WAns,0,763,1148,toprock,0,taisuke,54,2014,Hh4aUb-WAns.763.1148
Hh4aUb-WAns,0,1147,1364,powermove,1,taisuke,54,2014,Hh4aUb-WAns.1147.1364
Hh4aUb-WAns,0,1363,1774,footwork,2,taisuke,54,2014,Hh4aUb-WAns.1363.1774
Hh4aUb-WAns,1,1947,2390,toprock,0,cheerito,6,2014,Hh4aUb-WAns.1947.2390
Hh4aUb-WAns,1,2389,2646,footwork,2,cheerito,6,2014,Hh4aUb-WAns.2389.2646
Hh4aUb-WAns,1,2645,2849,powermove,1,cheerito,6,2014,Hh4aUb-WAns.2645.2849
Hh4aUb-WAns,2,3402,3900,footwork,2,taisuke,54,2014,Hh4aUb-WAns.3402.3900
Hh4aUb-WAns,3,4130,4316,toprock,0,cheerito,6,2014,Hh4aUb-WAns.4130.4316
Hh4aUb-WAns,3,4315,4623,powermove,1,cheerito,6,2014,Hh4aUb-WAns.4315.4623
Hh4aUb-WAns,3,4622,4795,footwork,2,cheerito,6,2014,Hh4aUb-WAns.4622.4795
Hh4aUb-WAns,4,5311,5442,toprock,0,taisuke,54,2014,Hh4aUb-WAns.5311.5442
Hh4aUb-WAns,4,5441,5561,footwork,2,taisuke,54,2014,Hh4aUb-WAns.5441.5561
Hh4aUb-WAns,4,5560,5690,powermove,1,taisuke,54,2014,Hh4aUb-WAns.5560.5690
Hh4aUb-WAns,4,5689,5941,footwork,2,taisuke,54,2014,Hh4aUb-WAns.5689.5941
Hh4aUb-WAns,5,6238,6376,toprock,0,cheerito,6,2014,Hh4aUb-WAns.6238.6376
Hh4aUb-WAns,5,6375,6763,footwork,2,cheerito,6,2014,Hh4aUb-WAns.6375.6763
IzgPV9TpX64,0,1323,1380,toprock,0,lilou,28,2014,IzgPV9TpX64.1323.1380
IzgPV9TpX64,0,1379,1709,powermove,1,lilou,28,2014,IzgPV9TpX64.1379.1709
IzgPV9TpX64,0,1708,1764,toprock,0,lilou,28,2014,IzgPV9TpX64.1708.1764
IzgPV9TpX64,0,1763,2008,powermove,1,lilou,28,2014,IzgPV9TpX64.1763.2008
IzgPV9TpX64,1,2302,2517,toprock,0,alkolil,0,2014,IzgPV9TpX64.2302.2517
IzgPV9TpX64,1,2516,2603,footwork,2,alkolil,0,2014,IzgPV9TpX64.2516.2603
IzgPV9TpX64,1,2678,2710,toprock,0,alkolil,0,2014,IzgPV9TpX64.2678.2710
IzgPV9TpX64,1,2709,2889,footwork,2,alkolil,0,2014,IzgPV9TpX64.2709.2889
IzgPV9TpX64,1,2888,2988,powermove,1,alkolil,0,2014,IzgPV9TpX64.2888.2988
IzgPV9TpX64,2,3418,3826,powermove,1,lilou,28,2014,IzgPV9TpX64.3418.3826
IzgPV9TpX64,3,3957,4004,toprock,0,alkolil,0,2014,IzgPV9TpX64.3957.4004
IzgPV9TpX64,3,4003,4120,powermove,1,alkolil,0,2014,IzgPV9TpX64.4003.4120
IzgPV9TpX64,3,4119,4356,footwork,2,alkolil,0,2014,IzgPV9TpX64.4119.4356
IzgPV9TpX64,3,4355,4507,powermove,1,alkolil,0,2014,IzgPV9TpX64.4355.4507
JNHbKAR2YvU,0,2035,2131,toprock,0,menno,34,2014,JNHbKAR2YvU.2035.2131
JNHbKAR2YvU,0,2130,2465,powermove,1,menno,34,2014,JNHbKAR2YvU.2130.2465
JNHbKAR2YvU,0,2464,2550,footwork,2,menno,34,2014,JNHbKAR2YvU.2464.2550
JNHbKAR2YvU,0,2549,2706,powermove,1,menno,34,2014,JNHbKAR2YvU.2549.2706
JNHbKAR2YvU,1,2872,3000,toprock,0,alkolil,0,2014,JNHbKAR2YvU.2872.3000
JNHbKAR2YvU,1,2999,3088,footwork,2,alkolil,0,2014,JNHbKAR2YvU.2999.3088
JNHbKAR2YvU,1,3087,3184,toprock,0,alkolil,0,2014,JNHbKAR2YvU.3087.3184
JNHbKAR2YvU,1,3183,3666,powermove,1,alkolil,0,2014,JNHbKAR2YvU.3183.3666
JNHbKAR2YvU,2,4045,4518,powermove,1,menno,34,2014,JNHbKAR2YvU.4045.4518
JNHbKAR2YvU,3,4771,4848,toprock,0,alkolil,0,2014,JNHbKAR2YvU.4771.4848
JNHbKAR2YvU,3,4847,4918,powermove,1,alkolil,0,2014,JNHbKAR2YvU.4847.4918
JNHbKAR2YvU,3,4917,5005,footwork,2,alkolil,0,2014,JNHbKAR2YvU.4917.5005
JNHbKAR2YvU,3,5004,5065,toprock,0,alkolil,0,2014,JNHbKAR2YvU.5004.5065
JNHbKAR2YvU,3,5064,5133,footwork,2,alkolil,0,2014,JNHbKAR2YvU.5064.5133
JNHbKAR2YvU,3,5132,5433,powermove,1,alkolil,0,2014,JNHbKAR2YvU.5132.5433
SDHinm2pPvM,0,556,878,toprock,0,lil g,25,2014,SDHinm2pPvM.556.878
SDHinm2pPvM,0,881,1307,powermove,1,lil g,25,2014,SDHinm2pPvM.881.1307
SDHinm2pPvM,0,1311,1502,footwork,2,lil g,25,2014,SDHinm2pPvM.1311.1502
SDHinm2pPvM,1,1583,1937,toprock,0,cheerito,6,2014,SDHinm2pPvM.1583.1937
SDHinm2pPvM,1,1940,2410,powermove,1,cheerito,6,2014,SDHinm2pPvM.1940.2410
SDHinm2pPvM,1,2415,2626,footwork,2,cheerito,6,2014,SDHinm2pPvM.2415.2626
SDHinm2pPvM,2,3114,3295,toprock,0,lil g,25,2014,SDHinm2pPvM.3114.3295
SDHinm2pPvM,2,3296,3552,footwork,2,lil g,25,2014,SDHinm2pPvM.3296.3552
SDHinm2pPvM,2,3555,3794,powermove,1,lil g,25,2014,SDHinm2pPvM.3555.3794
SDHinm2pPvM,3,4033,4317,toprock,0,cheerito,6,2014,SDHinm2pPvM.4033.4317
SDHinm2pPvM,3,4319,4402,powermove,1,cheerito,6,2014,SDHinm2pPvM.4319.4402
SDHinm2pPvM,3,4407,4862,footwork,2,cheerito,6,2014,SDHinm2pPvM.4407.4862
TUkmZNnUamY,0,541,828,toprock,0,cheerito,6,2014,TUkmZNnUamY.541.828
TUkmZNnUamY,0,834,1118,powermove,1,cheerito,6,2014,TUkmZNnUamY.834.1118
TUkmZNnUamY,0,1121,1577,footwork,2,cheerito,6,2014,TUkmZNnUamY.1121.1577
TUkmZNnUamY,1,1678,1776,toprock,0,gravity,13,2014,TUkmZNnUamY.1678.1776
TUkmZNnUamY,1,1780,2079,powermove,1,gravity,13,2014,TUkmZNnUamY.1780.2079
TUkmZNnUamY,1,2085,2223,footwork,2,gravity,13,2014,TUkmZNnUamY.2085.2223
TUkmZNnUamY,1,2229,2422,powermove,1,gravity,13,2014,TUkmZNnUamY.2229.2422
TUkmZNnUamY,1,2428,2516,footwork,2,gravity,13,2014,TUkmZNnUamY.2428.2516
TUkmZNnUamY,2,2865,2906,toprock,0,cheerito,6,2014,TUkmZNnUamY.2865.2906
TUkmZNnUamY,2,2913,3612,footwork,2,cheerito,6,2014,TUkmZNnUamY.2913.3612
TUkmZNnUamY,3,3727,3766,toprock,0,gravity,13,2014,TUkmZNnUamY.3727.3766
TUkmZNnUamY,3,3787,4115,footwork,2,gravity,13,2014,TUkmZNnUamY.3787.4115
TUkmZNnUamY,4,4563,4613,toprock,0,cheerito,6,2014,TUkmZNnUamY.4563.4613
TUkmZNnUamY,4,4619,5217,footwork,2,cheerito,6,2014,TUkmZNnUamY.4619.5217
TUkmZNnUamY,5,5306,5433,footwork,2,gravity,13,2014,TUkmZNnUamY.5306.5433
TUkmZNnUamY,5,5439,5717,powermove,1,gravity,13,2014,TUkmZNnUamY.5439.5717
XXjMMAUI0GQ,0,1512,1755,toprock,0,blond,5,2014,XXjMMAUI0GQ.1512.1755
XXjMMAUI0GQ,0,1822,1926,footwork,2,blond,5,2014,XXjMMAUI0GQ.1822.1926
XXjMMAUI0GQ,0,1932,2235,powermove,1,blond,5,2014,XXjMMAUI0GQ.1932.2235
XXjMMAUI0GQ,0,2242,2330,footwork,2,blond,5,2014,XXjMMAUI0GQ.2242.2330
XXjMMAUI0GQ,1,2530,2728,powermove,1,menno,34,2014,XXjMMAUI0GQ.2530.2728
XXjMMAUI0GQ,1,2872,2982,toprock,0,menno,34,2014,XXjMMAUI0GQ.2872.2982
XXjMMAUI0GQ,1,3013,3286,footwork,2,menno,34,2014,XXjMMAUI0GQ.3013.3286
XXjMMAUI0GQ,2,3662,3798,toprock,0,blond,5,2014,XXjMMAUI0GQ.3662.3798
XXjMMAUI0GQ,2,3881,4419,footwork,2,blond,5,2014,XXjMMAUI0GQ.3881.4419
XXjMMAUI0GQ,3,4657,4782,toprock,0,menno,34,2014,XXjMMAUI0GQ.4657.4782
XXjMMAUI0GQ,3,4790,5042,powermove,1,menno,34,2014,XXjMMAUI0GQ.4790.5042
XXjMMAUI0GQ,3,5045,5168,footwork,2,menno,34,2014,XXjMMAUI0GQ.5045.5168
YSSAzuoG_rQ,0,1406,1615,toprock,0,luan,29,2014,YSSAzuoG_rQ.1406.1615
YSSAzuoG_rQ,0,1622,2237,footwork,2,luan,29,2014,YSSAzuoG_rQ.1622.2237
YSSAzuoG_rQ,1,2409,2619,toprock,0,taisuke,54,2014,YSSAzuoG_rQ.2409.2619
YSSAzuoG_rQ,1,2627,2682,powermove,1,taisuke,54,2014,YSSAzuoG_rQ.2627.2682
YSSAzuoG_rQ,1,2690,2901,footwork,2,taisuke,54,2014,YSSAzuoG_rQ.2690.2901
YSSAzuoG_rQ,1,2905,3007,powermove,1,taisuke,54,2014,YSSAzuoG_rQ.2905.3007
YSSAzuoG_rQ,1,3012,3121,footwork,2,taisuke,54,2014,YSSAzuoG_rQ.3012.3121
YSSAzuoG_rQ,2,3517,3734,toprock,0,luan,29,2014,YSSAzuoG_rQ.3517.3734
YSSAzuoG_rQ,2,3736,4016,powermove,1,luan,29,2014,YSSAzuoG_rQ.3736.4016
YSSAzuoG_rQ,2,4021,4379,footwork,2,luan,29,2014,YSSAzuoG_rQ.4021.4379
YSSAzuoG_rQ,3,4528,4709,toprock,0,taisuke,54,2014,YSSAzuoG_rQ.4528.4709
YSSAzuoG_rQ,3,4711,4801,powermove,1,taisuke,54,2014,YSSAzuoG_rQ.4711.4801
YSSAzuoG_rQ,3,4804,5043,footwork,2,taisuke,54,2014,YSSAzuoG_rQ.4804.5043
YSSAzuoG_rQ,3,5100,5203,footwork,2,taisuke,54,2014,YSSAzuoG_rQ.5100.5203
YSSAzuoG_rQ,4,5539,5637,powermove,1,luan,29,2014,YSSAzuoG_rQ.5539.5637
YSSAzuoG_rQ,4,5642,5904,toprock,0,luan,29,2014,YSSAzuoG_rQ.5642.5904
YSSAzuoG_rQ,4,5906,6339,footwork,2,luan,29,2014,YSSAzuoG_rQ.5906.6339
YSSAzuoG_rQ,5,6459,6728,toprock,0,taisuke,54,2014,YSSAzuoG_rQ.6459.6728
YSSAzuoG_rQ,5,6733,6822,footwork,2,taisuke,54,2014,YSSAzuoG_rQ.6733.6822
YSSAzuoG_rQ,5,6827,7075,powermove,1,taisuke,54,2014,YSSAzuoG_rQ.6827.7075
hJb6sTLnY80,0,2884,3101,toprock,0,menno,34,2014,hJb6sTLnY80.2884.3101
hJb6sTLnY80,0,3100,3383,footwork,2,menno,34,2014,hJb6sTLnY80.3100.3383
hJb6sTLnY80,0,3382,3723,powermove,1,menno,34,2014,hJb6sTLnY80.3382.3723
hJb6sTLnY80,1,4008,4097,toprock,0,taisuke,54,2014,hJb6sTLnY80.4008.4097
hJb6sTLnY80,1,4096,4398,powermove,1,taisuke,54,2014,hJb6sTLnY80.4096.4398
hJb6sTLnY80,1,4397,4561,footwork,2,taisuke,54,2014,hJb6sTLnY80.4397.4561
hJb6sTLnY80,2,4913,5003,toprock,0,menno,34,2014,hJb6sTLnY80.4913.5003
hJb6sTLnY80,2,5002,5445,powermove,1,menno,34,2014,hJb6sTLnY80.5002.5445
hJb6sTLnY80,3,5788,6138,toprock,0,taisuke,54,2014,hJb6sTLnY80.5788.6138
hJb6sTLnY80,3,6137,6561,footwork,2,taisuke,54,2014,hJb6sTLnY80.6137.6561
hJb6sTLnY80,4,6840,6986,toprock,0,menno,34,2014,hJb6sTLnY80.6840.6986
hJb6sTLnY80,4,6985,7420,powermove,1,menno,34,2014,hJb6sTLnY80.6985.7420
hJb6sTLnY80,5,8012,8071,toprock,0,taisuke,54,2014,hJb6sTLnY80.8012.8071
hJb6sTLnY80,5,8070,8225,powermove,1,taisuke,54,2014,hJb6sTLnY80.8070.8225
hJb6sTLnY80,5,8255,8393,powermove,1,taisuke,54,2014,hJb6sTLnY80.8255.8393
ox4gxQSylfw,0,2780,2942,toprock,0,wing,62,2014,ox4gxQSylfw.2780.2942
ox4gxQSylfw,0,2949,3118,footwork,2,wing,62,2014,ox4gxQSylfw.2949.3118
ox4gxQSylfw,0,3121,3308,powermove,1,wing,62,2014,ox4gxQSylfw.3121.3308
ox4gxQSylfw,0,3319,3557,footwork,2,wing,62,2014,ox4gxQSylfw.3319.3557
ox4gxQSylfw,1,3659,3824,toprock,0,taisuke,54,2014,ox4gxQSylfw.3659.3824
ox4gxQSylfw,1,3886,3964,toprock,0,taisuke,54,2014,ox4gxQSylfw.3886.3964
ox4gxQSylfw,1,3969,4124,powermove,1,taisuke,54,2014,ox4gxQSylfw.3969.4124
ox4gxQSylfw,1,4131,4412,footwork,2,taisuke,54,2014,ox4gxQSylfw.4131.4412
ox4gxQSylfw,2,4754,4791,toprock,0,wing,62,2014,ox4gxQSylfw.4754.4791
ox4gxQSylfw,2,4799,4832,powermove,1,wing,62,2014,ox4gxQSylfw.4799.4832
ox4gxQSylfw,2,4836,4920,toprock,0,wing,62,2014,ox4gxQSylfw.4836.4920
ox4gxQSylfw,2,4938,5337,footwork,2,wing,62,2014,ox4gxQSylfw.4938.5337
ox4gxQSylfw,3,5553,5722,toprock,0,taisuke,54,2014,ox4gxQSylfw.5553.5722
ox4gxQSylfw,3,5725,6170,footwork,2,taisuke,54,2014,ox4gxQSylfw.5725.6170
ox4gxQSylfw,4,6543,6745,toprock,0,wing,62,2014,ox4gxQSylfw.6543.6745
ox4gxQSylfw,4,6750,7239,footwork,2,wing,62,2014,ox4gxQSylfw.6750.7239
ox4gxQSylfw,5,7490,7660,toprock,0,taisuke,54,2014,ox4gxQSylfw.7490.7660
ox4gxQSylfw,5,7664,7874,powermove,1,taisuke,54,2014,ox4gxQSylfw.7664.7874
ox4gxQSylfw,5,7877,8025,footwork,2,taisuke,54,2014,ox4gxQSylfw.7877.8025
pe7AcaNbW88,0,8041,8218,toprock,0,mounir,37,2014,pe7AcaNbW88.8041.8218
pe7AcaNbW88,0,8224,8308,powermove,1,mounir,37,2014,pe7AcaNbW88.8224.8308
pe7AcaNbW88,0,8310,8345,footwork,2,mounir,37,2014,pe7AcaNbW88.8310.8345
pe7AcaNbW88,0,8350,8639,powermove,1,mounir,37,2014,pe7AcaNbW88.8350.8639
pe7AcaNbW88,1,8682,8881,toprock,0,gravity,13,2014,pe7AcaNbW88.8682.8881
pe7AcaNbW88,1,8890,9191,powermove,1,gravity,13,2014,pe7AcaNbW88.8890.9191
pe7AcaNbW88,1,9194,9424,footwork,2,gravity,13,2014,pe7AcaNbW88.9194.9424
pe7AcaNbW88,2,9485,9556,toprock,0,mounir,37,2014,pe7AcaNbW88.9485.9556
pe7AcaNbW88,2,9559,9815,powermove,1,mounir,37,2014,pe7AcaNbW88.9559.9815
pe7AcaNbW88,2,9820,10095,footwork,2,mounir,37,2014,pe7AcaNbW88.9820.10095
pe7AcaNbW88,3,10142,10616,footwork,2,gravity,13,2014,pe7AcaNbW88.10142.10616
pe7AcaNbW88,4,11006,11094,toprock,0,mounir,37,2014,pe7AcaNbW88.11006.11094
pe7AcaNbW88,4,11096,11122,powermove,1,mounir,37,2014,pe7AcaNbW88.11096.11122
pe7AcaNbW88,4,11126,11605,footwork,2,mounir,37,2014,pe7AcaNbW88.11126.11605
pe7AcaNbW88,5,11672,11876,toprock,0,gravity,13,2014,pe7AcaNbW88.11672.11876
pe7AcaNbW88,5,11880,12223,footwork,2,gravity,13,2014,pe7AcaNbW88.11880.12223
t2GNNnXEWFY,0,1176,1495,toprock,0,wing,62,2014,t2GNNnXEWFY.1176.1495
t2GNNnXEWFY,0,1835,2145,footwork,2,wing,62,2014,t2GNNnXEWFY.1835.2145
t2GNNnXEWFY,0,1571,1826,powermove,1,wing,62,2014,t2GNNnXEWFY.1571.1826
t2GNNnXEWFY,1,2312,2479,toprock,0,tonio,57,2014,t2GNNnXEWFY.2312.2479
t2GNNnXEWFY,1,2482,2856,powermove,1,tonio,57,2014,t2GNNnXEWFY.2482.2856
t2GNNnXEWFY,1,2868,3091,footwork,2,tonio,57,2014,t2GNNnXEWFY.2868.3091
t2GNNnXEWFY,2,3556,3684,toprock,0,wing,62,2014,t2GNNnXEWFY.3556.3684
t2GNNnXEWFY,2,3724,3972,powermove,1,wing,62,2014,t2GNNnXEWFY.3724.3972
t2GNNnXEWFY,2,3974,4197,footwork,2,wing,62,2014,t2GNNnXEWFY.3974.4197
t2GNNnXEWFY,3,4359,4898,powermove,1,tonio,57,2014,t2GNNnXEWFY.4359.4898
-q9ecA3Hq_E,0,1151,1594,toprock,0,leony,24,2017,-q9ecA3Hq_E.1151.1594
-q9ecA3Hq_E,0,1593,1977,powermove,1,leony,24,2017,-q9ecA3Hq_E.1593.1977
-q9ecA3Hq_E,1,2019,2402,toprock,0,thesis,56,2017,-q9ecA3Hq_E.2019.2402
-q9ecA3Hq_E,1,2401,2535,powermove,1,thesis,56,2017,-q9ecA3Hq_E.2401.2535
-q9ecA3Hq_E,1,2534,2692,footwork,2,thesis,56,2017,-q9ecA3Hq_E.2534.2692
-q9ecA3Hq_E,1,2691,2848,powermove,1,thesis,56,2017,-q9ecA3Hq_E.2691.2848
-q9ecA3Hq_E,1,2847,3000,footwork,2,thesis,56,2017,-q9ecA3Hq_E.2847.3000
-q9ecA3Hq_E,2,3073,3149,powermove,1,leony,24,2017,-q9ecA3Hq_E.3073.3149
-q9ecA3Hq_E,2,3148,3203,toprock,0,leony,24,2017,-q9ecA3Hq_E.3148.3203
-q9ecA3Hq_E,2,3202,3545,powermove,1,leony,24,2017,-q9ecA3Hq_E.3202.3545
-q9ecA3Hq_E,3,3695,3934,toprock,0,thesis,56,2017,-q9ecA3Hq_E.3695.3934
-q9ecA3Hq_E,3,3933,4559,powermove,1,thesis,56,2017,-q9ecA3Hq_E.3933.4559
-q9ecA3Hq_E,4,4797,5134,toprock,0,leony,24,2017,-q9ecA3Hq_E.4797.5134
-q9ecA3Hq_E,4,5133,5464,powermove,1,leony,24,2017,-q9ecA3Hq_E.5133.5464
-q9ecA3Hq_E,5,5625,5772,toprock,0,thesis,56,2017,-q9ecA3Hq_E.5625.5772
-q9ecA3Hq_E,5,5771,6155,powermove,1,thesis,56,2017,-q9ecA3Hq_E.5771.6155
0_Kq3IQQMNA,0,1986,2260,toprock,0,issei,16,2017,0_Kq3IQQMNA.1986.2260
0_Kq3IQQMNA,0,2259,2405,powermove,1,issei,16,2017,0_Kq3IQQMNA.2259.2405
0_Kq3IQQMNA,0,2404,2507,toprock,0,issei,16,2017,0_Kq3IQQMNA.2404.2507
0_Kq3IQQMNA,0,2506,2890,powermove,1,issei,16,2017,0_Kq3IQQMNA.2506.2890
0_Kq3IQQMNA,0,2889,3004,footwork,2,issei,16,2017,0_Kq3IQQMNA.2889.3004
0_Kq3IQQMNA,1,3473,3855,powermove,1,willy,61,2017,0_Kq3IQQMNA.3473.3855
0_Kq3IQQMNA,1,3153,3463,toprock,0,willy,61,2017,0_Kq3IQQMNA.3153.3463
0_Kq3IQQMNA,2,4026,4262,toprock,0,issei,16,2017,0_Kq3IQQMNA.4026.4262
0_Kq3IQQMNA,2,4261,4555,powermove,1,issei,16,2017,0_Kq3IQQMNA.4261.4555
0_Kq3IQQMNA,2,4554,4646,footwork,2,issei,16,2017,0_Kq3IQQMNA.4554.4646
0_Kq3IQQMNA,2,4645,4786,powermove,1,issei,16,2017,0_Kq3IQQMNA.4645.4786
0_Kq3IQQMNA,3,5053,5315,toprock,0,willy,61,2017,0_Kq3IQQMNA.5053.5315
0_Kq3IQQMNA,3,5314,5717,powermove,1,willy,61,2017,0_Kq3IQQMNA.5314.5717
0_Kq3IQQMNA,4,5980,6186,toprock,0,issei,16,2017,0_Kq3IQQMNA.5980.6186
0_Kq3IQQMNA,4,6185,6329,footwork,2,issei,16,2017,0_Kq3IQQMNA.6185.6329
0_Kq3IQQMNA,4,6328,6603,powermove,1,issei,16,2017,0_Kq3IQQMNA.6328.6603
0_Kq3IQQMNA,5,6702,7046,toprock,0,willy,61,2017,0_Kq3IQQMNA.6702.7046
0_Kq3IQQMNA,5,7045,7267,footwork,2,willy,61,2017,0_Kq3IQQMNA.7045.7267
0_Kq3IQQMNA,5,7266,7582,powermove,1,willy,61,2017,0_Kq3IQQMNA.7266.7582
60EX6Tx_GvY,0,1780,1975,toprock,0,alkolil,0,2017,60EX6Tx_GvY.1780.1975
60EX6Tx_GvY,0,1974,2157,footwork,2,alkolil,0,2017,60EX6Tx_GvY.1974.2157
60EX6Tx_GvY,0,2156,2347,powermove,1,alkolil,0,2017,60EX6Tx_GvY.2156.2347
60EX6Tx_GvY,0,2346,2492,footwork,2,alkolil,0,2017,60EX6Tx_GvY.2346.2492
60EX6Tx_GvY,1,2541,2811,toprock,0,moy,38,2017,60EX6Tx_GvY.2541.2811
60EX6Tx_GvY,1,2810,3065,powermove,1,moy,38,2017,60EX6Tx_GvY.2810.3065
60EX6Tx_GvY,1,3064,3113,toprock,0,moy,38,2017,60EX6Tx_GvY.3064.3113
60EX6Tx_GvY,1,3112,3182,footwork,2,moy,38,2017,60EX6Tx_GvY.3112.3182
60EX6Tx_GvY,1,3181,3252,powermove,1,moy,38,2017,60EX6Tx_GvY.3181.3252
60EX6Tx_GvY,1,3251,3445,footwork,2,moy,38,2017,60EX6Tx_GvY.3251.3445
60EX6Tx_GvY,2,3515,3668,toprock,0,alkolil,0,2017,60EX6Tx_GvY.3515.3668
60EX6Tx_GvY,2,3667,3865,powermove,1,alkolil,0,2017,60EX6Tx_GvY.3667.3865
60EX6Tx_GvY,2,3864,4064,footwork,2,alkolil,0,2017,60EX6Tx_GvY.3864.4064
60EX6Tx_GvY,3,4133,4176,toprock,0,moy,38,2017,60EX6Tx_GvY.4133.4176
60EX6Tx_GvY,3,4175,4234,powermove,1,moy,38,2017,60EX6Tx_GvY.4175.4234
60EX6Tx_GvY,3,4233,4350,toprock,0,moy,38,2017,60EX6Tx_GvY.4233.4350
60EX6Tx_GvY,3,4349,4578,powermove,1,moy,38,2017,60EX6Tx_GvY.4349.4578
60EX6Tx_GvY,3,4577,4680,footwork,2,moy,38,2017,60EX6Tx_GvY.4577.4680
60EX6Tx_GvY,3,4679,4728,powermove,1,moy,38,2017,60EX6Tx_GvY.4679.4728
60EX6Tx_GvY,4,4943,5224,footwork,2,alkolil,0,2017,60EX6Tx_GvY.4943.5224
60EX6Tx_GvY,5,5310,5378,toprock,0,moy,38,2017,60EX6Tx_GvY.5310.5378
60EX6Tx_GvY,5,5377,5559,powermove,1,moy,38,2017,60EX6Tx_GvY.5377.5559
60EX6Tx_GvY,5,5558,5634,footwork,2,moy,38,2017,60EX6Tx_GvY.5558.5634
8lugwBoAKrg,0,1590,1834,toprock,0,shane,48,2017,8lugwBoAKrg.1590.1834
8lugwBoAKrg,0,1833,1992,powermove,1,shane,48,2017,8lugwBoAKrg.1833.1992
8lugwBoAKrg,0,1991,2040,toprock,0,shane,48,2017,8lugwBoAKrg.1991.2040
8lugwBoAKrg,0,2039,2327,footwork,2,shane,48,2017,8lugwBoAKrg.2039.2327
8lugwBoAKrg,0,2326,2594,powermove,1,shane,48,2017,8lugwBoAKrg.2326.2594
8lugwBoAKrg,1,2697,2862,toprock,0,lil zoo,27,2017,8lugwBoAKrg.2697.2862
8lugwBoAKrg,1,2861,3034,footwork,2,lil zoo,27,2017,8lugwBoAKrg.2861.3034
8lugwBoAKrg,1,3033,3142,toprock,0,lil zoo,27,2017,8lugwBoAKrg.3033.3142
8lugwBoAKrg,1,3141,3262,powermove,1,lil zoo,27,2017,8lugwBoAKrg.3141.3262
8lugwBoAKrg,1,3261,3423,footwork,2,lil zoo,27,2017,8lugwBoAKrg.3261.3423
8lugwBoAKrg,1,3422,3483,toprock,0,lil zoo,27,2017,8lugwBoAKrg.3422.3483
8lugwBoAKrg,1,3530,3627,footwork,2,lil zoo,27,2017,8lugwBoAKrg.3530.3627
8lugwBoAKrg,2,3730,4017,toprock,0,shane,48,2017,8lugwBoAKrg.3730.4017
8lugwBoAKrg,2,4016,4432,powermove,1,shane,48,2017,8lugwBoAKrg.4016.4432
8lugwBoAKrg,2,4431,4543,footwork,2,shane,48,2017,8lugwBoAKrg.4431.4543
8lugwBoAKrg,2,4542,4631,powermove,1,shane,48,2017,8lugwBoAKrg.4542.4631
8lugwBoAKrg,3,4746,4846,footwork,2,lil zoo,27,2017,8lugwBoAKrg.4746.4846
8lugwBoAKrg,3,4845,4953,toprock,0,lil zoo,27,2017,8lugwBoAKrg.4845.4953
8lugwBoAKrg,3,4952,5257,footwork,2,lil zoo,27,2017,8lugwBoAKrg.4952.5257
8lugwBoAKrg,4,5605,5726,powermove,1,shane,48,2017,8lugwBoAKrg.5605.5726
8lugwBoAKrg,4,5725,5943,footwork,2,shane,48,2017,8lugwBoAKrg.5725.5943
8lugwBoAKrg,4,5942,6013,powermove,1,shane,48,2017,8lugwBoAKrg.5942.6013
8lugwBoAKrg,5,6144,6269,toprock,0,lil zoo,27,2017,8lugwBoAKrg.6144.6269
8lugwBoAKrg,5,6268,6573,footwork,2,lil zoo,27,2017,8lugwBoAKrg.6268.6573
8lugwBoAKrg,5,6572,6600,toprock,0,lil zoo,27,2017,8lugwBoAKrg.6572.6600
8lugwBoAKrg,5,6599,6664,footwork,2,lil zoo,27,2017,8lugwBoAKrg.6599.6664
9Nb7nQmm3Dc,0,1397,1583,toprock,0,shigekix,49,2017,9Nb7nQmm3Dc.1397.1583
9Nb7nQmm3Dc,0,1582,2199,powermove,1,shigekix,49,2017,9Nb7nQmm3Dc.1582.2199
9Nb7nQmm3Dc,1,2434,2497,toprock,0,alkolil,0,2017,9Nb7nQmm3Dc.2434.2497
9Nb7nQmm3Dc,1,2496,3012,powermove,1,alkolil,0,2017,9Nb7nQmm3Dc.2496.3012
9Nb7nQmm3Dc,2,3286,3402,toprock,0,shigekix,49,2017,9Nb7nQmm3Dc.3286.3402
9Nb7nQmm3Dc,2,3401,3629,powermove,1,shigekix,49,2017,9Nb7nQmm3Dc.3401.3629
9Nb7nQmm3Dc,2,3628,3670,toprock,0,shigekix,49,2017,9Nb7nQmm3Dc.3628.3670
9Nb7nQmm3Dc,2,3669,4017,footwork,2,shigekix,49,2017,9Nb7nQmm3Dc.3669.4017
9Nb7nQmm3Dc,2,4016,4135,powermove,1,shigekix,49,2017,9Nb7nQmm3Dc.4016.4135
9Nb7nQmm3Dc,3,4308,4459,toprock,0,alkolil,0,2017,9Nb7nQmm3Dc.4308.4459
9Nb7nQmm3Dc,3,4458,4723,powermove,1,alkolil,0,2017,9Nb7nQmm3Dc.4458.4723
9Nb7nQmm3Dc,4,4852,5204,toprock,0,shigekix,49,2017,9Nb7nQmm3Dc.4852.5204
9Nb7nQmm3Dc,4,5203,6042,powermove,1,shigekix,49,2017,9Nb7nQmm3Dc.5203.6042
9Nb7nQmm3Dc,5,6291,6432,powermove,1,alkolil,0,2017,9Nb7nQmm3Dc.6291.6432
9Nb7nQmm3Dc,5,6431,6790,footwork,2,alkolil,0,2017,9Nb7nQmm3Dc.6431.6790
HMwRrrpSDVw,0,1682,1730,toprock,0,kill,22,2017,HMwRrrpSDVw.1682.1730
HMwRrrpSDVw,0,1729,2186,powermove,1,kill,22,2017,HMwRrrpSDVw.1729.2186
HMwRrrpSDVw,1,2251,2428,toprock,0,ayumi,3,2017,HMwRrrpSDVw.2251.2428
HMwRrrpSDVw,1,2427,2633,powermove,1,ayumi,3,2017,HMwRrrpSDVw.2427.2633
HMwRrrpSDVw,1,2632,3086,footwork,2,ayumi,3,2017,HMwRrrpSDVw.2632.3086
HMwRrrpSDVw,2,3136,3446,powermove,1,kill,22,2017,HMwRrrpSDVw.3136.3446
HMwRrrpSDVw,2,3445,3621,footwork,2,kill,22,2017,HMwRrrpSDVw.3445.3621
HMwRrrpSDVw,3,3770,3937,toprock,0,ayumi,3,2017,HMwRrrpSDVw.3770.3937
HMwRrrpSDVw,3,3936,4097,powermove,1,ayumi,3,2017,HMwRrrpSDVw.3936.4097
HMwRrrpSDVw,3,4096,4132,toprock,0,ayumi,3,2017,HMwRrrpSDVw.4096.4132
HMwRrrpSDVw,3,4131,4629,footwork,2,ayumi,3,2017,HMwRrrpSDVw.4131.4629
HMwRrrpSDVw,4,4765,4956,toprock,0,kill,22,2017,HMwRrrpSDVw.4765.4956
HMwRrrpSDVw,4,4955,5431,powermove,1,kill,22,2017,HMwRrrpSDVw.4955.5431
HMwRrrpSDVw,5,5430,5761,toprock,0,ayumi,3,2017,HMwRrrpSDVw.5430.5761
HMwRrrpSDVw,5,5760,5830,footwork,2,ayumi,3,2017,HMwRrrpSDVw.5760.5830
HMwRrrpSDVw,5,5829,6014,powermove,1,ayumi,3,2017,HMwRrrpSDVw.5829.6014
HMwRrrpSDVw,5,6013,6419,footwork,2,ayumi,3,2017,HMwRrrpSDVw.6013.6419
JOB70zcE7IM,0,611,842,toprock,0,menno,34,2017,JOB70zcE7IM.611.842
JOB70zcE7IM,0,841,1464,powermove,1,menno,34,2017,JOB70zcE7IM.841.1464
JOB70zcE7IM,1,1647,1804,toprock,0,kill,22,2017,JOB70zcE7IM.1647.1804
JOB70zcE7IM,1,1803,2266,powermove,1,kill,22,2017,JOB70zcE7IM.1803.2266
JOB70zcE7IM,2,2630,3093,powermove,1,menno,34,2017,JOB70zcE7IM.2630.3093
JOB70zcE7IM,3,3159,3324,toprock,0,kill,22,2017,JOB70zcE7IM.3159.3324
JOB70zcE7IM,3,3323,3509,powermove,1,kill,22,2017,JOB70zcE7IM.3323.3509
JOB70zcE7IM,3,3508,3580,toprock,0,kill,22,2017,JOB70zcE7IM.3508.3580
JOB70zcE7IM,3,3579,3845,powermove,1,kill,22,2017,JOB70zcE7IM.3579.3845
JOB70zcE7IM,4,4017,4102,toprock,0,menno,34,2017,JOB70zcE7IM.4017.4102
JOB70zcE7IM,4,4101,4623,powermove,1,menno,34,2017,JOB70zcE7IM.4101.4623
JOB70zcE7IM,5,4967,5224,toprock,0,kill,22,2017,JOB70zcE7IM.4967.5224
JOB70zcE7IM,5,5223,5645,powermove,1,kill,22,2017,JOB70zcE7IM.5223.5645
Ptg3shx8SHQ,0,652,775,powermove,1,menno,34,2017,Ptg3shx8SHQ.652.775
Ptg3shx8SHQ,0,774,925,toprock,0,menno,34,2017,Ptg3shx8SHQ.774.925
Ptg3shx8SHQ,0,924,1214,powermove,1,menno,34,2017,Ptg3shx8SHQ.924.1214
Ptg3shx8SHQ,0,1213,1335,footwork,2,menno,34,2017,Ptg3shx8SHQ.1213.1335
Ptg3shx8SHQ,0,1334,1496,powermove,1,menno,34,2017,Ptg3shx8SHQ.1334.1496
Ptg3shx8SHQ,1,1641,1752,toprock,0,shigekix,49,2017,Ptg3shx8SHQ.1641.1752
Ptg3shx8SHQ,1,1751,1996,powermove,1,shigekix,49,2017,Ptg3shx8SHQ.1751.1996
Ptg3shx8SHQ,1,1995,2390,footwork,2,shigekix,49,2017,Ptg3shx8SHQ.1995.2390
Ptg3shx8SHQ,1,2389,2648,powermove,1,shigekix,49,2017,Ptg3shx8SHQ.2389.2648
Ptg3shx8SHQ,2,2882,3161,toprock,0,menno,34,2017,Ptg3shx8SHQ.2882.3161
Ptg3shx8SHQ,2,3160,3601,powermove,1,menno,34,2017,Ptg3shx8SHQ.3160.3601
Ptg3shx8SHQ,2,3600,3704,footwork,2,menno,34,2017,Ptg3shx8SHQ.3600.3704
Ptg3shx8SHQ,3,3961,4089,toprock,0,shigekix,49,2017,Ptg3shx8SHQ.3961.4089
Ptg3shx8SHQ,3,4088,4548,powermove,1,shigekix,49,2017,Ptg3shx8SHQ.4088.4548
Ptg3shx8SHQ,4,4712,4904,toprock,0,menno,34,2017,Ptg3shx8SHQ.4712.4904
Ptg3shx8SHQ,4,4903,4974,footwork,2,menno,34,2017,Ptg3shx8SHQ.4903.4974
Ptg3shx8SHQ,4,4973,5029,toprock,0,menno,34,2017,Ptg3shx8SHQ.4973.5029
Ptg3shx8SHQ,4,5028,5097,footwork,2,menno,34,2017,Ptg3shx8SHQ.5028.5097
Ptg3shx8SHQ,4,5096,5575,powermove,1,menno,34,2017,Ptg3shx8SHQ.5096.5575
Ptg3shx8SHQ,5,5932,5983,toprock,0,shigekix,49,2017,Ptg3shx8SHQ.5932.5983
Ptg3shx8SHQ,5,5982,6110,powermove,1,shigekix,49,2017,Ptg3shx8SHQ.5982.6110
Ptg3shx8SHQ,5,6109,6256,footwork,2,shigekix,49,2017,Ptg3shx8SHQ.6109.6256
Ptg3shx8SHQ,5,6255,6390,powermove,1,shigekix,49,2017,Ptg3shx8SHQ.6255.6390
SZEQrtZUMqo,0,1898,2110,toprock,0,menno,34,2017,SZEQrtZUMqo.1898.2110
SZEQrtZUMqo,0,2109,2655,powermove,1,menno,34,2017,SZEQrtZUMqo.2109.2655
SZEQrtZUMqo,1,3007,3171,toprock,0,ratin,44,2017,SZEQrtZUMqo.3007.3171
SZEQrtZUMqo,1,3170,3794,powermove,1,ratin,44,2017,SZEQrtZUMqo.3170.3794
SZEQrtZUMqo,2,4132,4803,powermove,1,menno,34,2017,SZEQrtZUMqo.4132.4803
SZEQrtZUMqo,3,4931,5108,footwork,2,ratin,44,2017,SZEQrtZUMqo.4931.5108
SZEQrtZUMqo,3,5107,5452,powermove,1,ratin,44,2017,SZEQrtZUMqo.5107.5452
SZEQrtZUMqo,4,5604,5689,toprock,0,menno,34,2017,SZEQrtZUMqo.5604.5689
SZEQrtZUMqo,4,5688,6251,powermove,1,menno,34,2017,SZEQrtZUMqo.5688.6251
SZEQrtZUMqo,5,6431,6538,toprock,0,ratin,44,2017,SZEQrtZUMqo.6431.6538
SZEQrtZUMqo,5,6537,7133,powermove,1,ratin,44,2017,SZEQrtZUMqo.6537.7133
VYrzsTehlcE,0,474,615,toprock,0,thesis,56,2017,VYrzsTehlcE.474.615
VYrzsTehlcE,0,614,754,powermove,1,thesis,56,2017,VYrzsTehlcE.614.754
VYrzsTehlcE,0,753,978,footwork,2,thesis,56,2017,VYrzsTehlcE.753.978
VYrzsTehlcE,0,977,1082,powermove,1,thesis,56,2017,VYrzsTehlcE.977.1082
VYrzsTehlcE,0,1081,1208,footwork,2,thesis,56,2017,VYrzsTehlcE.1081.1208
VYrzsTehlcE,1,1226,1860,powermove,1,lil zoo,27,2017,VYrzsTehlcE.1226.1860
VYrzsTehlcE,2,2301,2487,footwork,2,thesis,56,2017,VYrzsTehlcE.2301.2487
VYrzsTehlcE,2,2486,2568,powermove,1,thesis,56,2017,VYrzsTehlcE.2486.2568
VYrzsTehlcE,2,2567,2721,footwork,2,thesis,56,2017,VYrzsTehlcE.2567.2721
VYrzsTehlcE,3,2938,3554,powermove,1,lil zoo,27,2017,VYrzsTehlcE.2938.3554
VYrzsTehlcE,4,3735,3843,powermove,1,thesis,56,2017,VYrzsTehlcE.3735.3843
VYrzsTehlcE,4,3842,3912,footwork,2,thesis,56,2017,VYrzsTehlcE.3842.3912
VYrzsTehlcE,4,3911,3969,powermove,1,thesis,56,2017,VYrzsTehlcE.3911.3969
VYrzsTehlcE,4,3968,4263,footwork,2,thesis,56,2017,VYrzsTehlcE.3968.4263
VYrzsTehlcE,5,4651,4821,toprock,0,lil zoo,27,2017,VYrzsTehlcE.4651.4821
VYrzsTehlcE,5,4820,5208,powermove,1,lil zoo,27,2017,VYrzsTehlcE.4820.5208
gPru76IYdEo,0,2520,2728,toprock,0,shigekix,49,2017,gPru76IYdEo.2520.2728
gPru76IYdEo,0,2760,3280,powermove,1,shigekix,49,2017,gPru76IYdEo.2760.3280
gPru76IYdEo,0,3279,3543,footwork,2,shigekix,49,2017,gPru76IYdEo.3279.3543
gPru76IYdEo,0,3542,3700,powermove,1,shigekix,49,2017,gPru76IYdEo.3542.3700
gPru76IYdEo,1,3932,4050,toprock,0,lussy sky,32,2017,gPru76IYdEo.3932.4050
gPru76IYdEo,1,4049,4198,footwork,2,lussy sky,32,2017,gPru76IYdEo.4049.4198
gPru76IYdEo,1,4197,4344,powermove,1,lussy sky,32,2017,gPru76IYdEo.4197.4344
gPru76IYdEo,1,4343,4863,footwork,2,lussy sky,32,2017,gPru76IYdEo.4343.4863
gPru76IYdEo,2,5517,5885,powermove,1,shigekix,49,2017,gPru76IYdEo.5517.5885
gPru76IYdEo,2,5884,6106,footwork,2,shigekix,49,2017,gPru76IYdEo.5884.6106
gPru76IYdEo,2,6105,6385,powermove,1,shigekix,49,2017,gPru76IYdEo.6105.6385
gPru76IYdEo,3,6587,6848,footwork,2,lussy sky,32,2017,gPru76IYdEo.6587.6848
gPru76IYdEo,3,6847,6944,toprock,0,lussy sky,32,2017,gPru76IYdEo.6847.6944
gPru76IYdEo,3,6943,7034,footwork,2,lussy sky,32,2017,gPru76IYdEo.6943.7034
gPru76IYdEo,3,7033,7233,powermove,1,lussy sky,32,2017,gPru76IYdEo.7033.7233
gPru76IYdEo,4,7554,7853,toprock,0,shigekix,49,2017,gPru76IYdEo.7554.7853
gPru76IYdEo,4,7852,8182,powermove,1,shigekix,49,2017,gPru76IYdEo.7852.8182
gPru76IYdEo,4,8181,8414,footwork,2,shigekix,49,2017,gPru76IYdEo.8181.8414
gPru76IYdEo,4,8413,8639,powermove,1,shigekix,49,2017,gPru76IYdEo.8413.8639
gPru76IYdEo,5,9100,9264,powermove,1,lussy sky,32,2017,gPru76IYdEo.9100.9264
gPru76IYdEo,5,9311,9378,footwork,2,lussy sky,32,2017,gPru76IYdEo.9311.9378
gPru76IYdEo,5,9377,9682,powermove,1,lussy sky,32,2017,gPru76IYdEo.9377.9682
n0RWMrEcm9U,0,728,863,toprock,0,lil zoo,27,2017,n0RWMrEcm9U.728.863
n0RWMrEcm9U,0,862,1280,powermove,1,lil zoo,27,2017,n0RWMrEcm9U.862.1280
n0RWMrEcm9U,0,1279,1385,footwork,2,lil zoo,27,2017,n0RWMrEcm9U.1279.1385
n0RWMrEcm9U,1,1513,1736,powermove,1,wing,62,2017,n0RWMrEcm9U.1513.1736
n0RWMrEcm9U,1,1735,1804,toprock,0,wing,62,2017,n0RWMrEcm9U.1735.1804
n0RWMrEcm9U,1,1803,1862,footwork,2,wing,62,2017,n0RWMrEcm9U.1803.1862
n0RWMrEcm9U,1,1861,1956,powermove,1,wing,62,2017,n0RWMrEcm9U.1861.1956
n0RWMrEcm9U,2,2246,2415,toprock,0,lil zoo,27,2017,n0RWMrEcm9U.2246.2415
n0RWMrEcm9U,2,2414,2869,powermove,1,lil zoo,27,2017,n0RWMrEcm9U.2414.2869
n0RWMrEcm9U,3,2904,3383,powermove,1,wing,62,2017,n0RWMrEcm9U.2904.3383
n0RWMrEcm9U,4,3549,3693,toprock,0,lil zoo,27,2017,n0RWMrEcm9U.3549.3693
n0RWMrEcm9U,4,3692,4165,footwork,2,lil zoo,27,2017,n0RWMrEcm9U.3692.4165
n0RWMrEcm9U,5,4227,4353,toprock,0,wing,62,2017,n0RWMrEcm9U.4227.4353
n0RWMrEcm9U,5,4352,4659,powermove,1,wing,62,2017,n0RWMrEcm9U.4352.4659
n0RWMrEcm9U,5,4658,4951,footwork,2,wing,62,2017,n0RWMrEcm9U.4658.4951
stnvERm9zBc,0,1987,2143,toprock,0,wing,62,2017,stnvERm9zBc.1987.2143
stnvERm9zBc,0,2142,2257,powermove,1,wing,62,2017,stnvERm9zBc.2142.2257
stnvERm9zBc,0,2256,2341,footwork,2,wing,62,2017,stnvERm9zBc.2256.2341
stnvERm9zBc,0,2340,2577,powermove,1,wing,62,2017,stnvERm9zBc.2340.2577
stnvERm9zBc,1,2829,3055,toprock,0,dany,9,2017,stnvERm9zBc.2829.3055
stnvERm9zBc,1,3054,3293,powermove,1,dany,9,2017,stnvERm9zBc.3054.3293
stnvERm9zBc,1,3292,3542,footwork,2,dany,9,2017,stnvERm9zBc.3292.3542
stnvERm9zBc,2,3665,4110,powermove,1,wing,62,2017,stnvERm9zBc.3665.4110
stnvERm9zBc,3,4390,4786,powermove,1,dany,9,2017,stnvERm9zBc.4390.4786
stnvERm9zBc,4,4882,5027,toprock,0,wing,62,2017,stnvERm9zBc.4882.5027
stnvERm9zBc,4,5026,5504,powermove,1,wing,62,2017,stnvERm9zBc.5026.5504
stnvERm9zBc,5,5702,5814,toprock,0,dany,9,2017,stnvERm9zBc.5702.5814
stnvERm9zBc,5,5813,6080,powermove,1,dany,9,2017,stnvERm9zBc.5813.6080
stnvERm9zBc,5,6079,6314,footwork,2,dany,9,2017,stnvERm9zBc.6079.6314
yoF-3w5sQQk,0,2207,2465,powermove,1,issei,16,2017,yoF-3w5sQQk.2207.2465
yoF-3w5sQQk,0,2464,2540,footwork,2,issei,16,2017,yoF-3w5sQQk.2464.2540
yoF-3w5sQQk,0,2539,2671,powermove,1,issei,16,2017,yoF-3w5sQQk.2539.2671
yoF-3w5sQQk,1,2812,2950,powermove,1,wing,62,2017,yoF-3w5sQQk.2812.2950
yoF-3w5sQQk,1,2949,2992,toprock,0,wing,62,2017,yoF-3w5sQQk.2949.2992
yoF-3w5sQQk,1,2991,3048,powermove,1,wing,62,2017,yoF-3w5sQQk.2991.3048
yoF-3w5sQQk,1,3047,3352,footwork,2,wing,62,2017,yoF-3w5sQQk.3047.3352
yoF-3w5sQQk,2,3550,3785,toprock,0,issei,16,2017,yoF-3w5sQQk.3550.3785
yoF-3w5sQQk,2,3784,4082,powermove,1,issei,16,2017,yoF-3w5sQQk.3784.4082
yoF-3w5sQQk,2,4081,4215,footwork,2,issei,16,2017,yoF-3w5sQQk.4081.4215
yoF-3w5sQQk,2,4214,4290,powermove,1,issei,16,2017,yoF-3w5sQQk.4214.4290
yoF-3w5sQQk,3,4385,4693,powermove,1,wing,62,2017,yoF-3w5sQQk.4385.4693
yoF-3w5sQQk,3,4692,4870,footwork,2,wing,62,2017,yoF-3w5sQQk.4692.4870
yoF-3w5sQQk,4,5566,5707,toprock,0,issei,16,2017,yoF-3w5sQQk.5566.5707
yoF-3w5sQQk,4,5706,6194,powermove,1,issei,16,2017,yoF-3w5sQQk.5706.6194
yoF-3w5sQQk,5,6298,6791,powermove,1,wing,62,2017,yoF-3w5sQQk.6298.6791
zsE4Lb1-MmE,0,957,1083,toprock,0,wing,62,2017,zsE4Lb1-MmE.957.1083
zsE4Lb1-MmE,0,1082,1356,powermove,1,wing,62,2017,zsE4Lb1-MmE.1082.1356
zsE4Lb1-MmE,0,1355,1551,footwork,2,wing,62,2017,zsE4Lb1-MmE.1355.1551
zsE4Lb1-MmE,1,1578,1733,toprock,0,menno,34,2017,zsE4Lb1-MmE.1578.1733
zsE4Lb1-MmE,1,1732,2144,powermove,1,menno,34,2017,zsE4Lb1-MmE.1732.2144
zsE4Lb1-MmE,2,2239,2478,toprock,0,wing,62,2017,zsE4Lb1-MmE.2239.2478
zsE4Lb1-MmE,2,2477,2609,powermove,1,wing,62,2017,zsE4Lb1-MmE.2477.2609
zsE4Lb1-MmE,2,2608,2878,footwork,2,wing,62,2017,zsE4Lb1-MmE.2608.2878
zsE4Lb1-MmE,3,2940,3426,powermove,1,menno,34,2017,zsE4Lb1-MmE.2940.3426
zsE4Lb1-MmE,4,3568,3711,toprock,0,wing,62,2017,zsE4Lb1-MmE.3568.3711
zsE4Lb1-MmE,4,3710,4028,powermove,1,wing,62,2017,zsE4Lb1-MmE.3710.4028
zsE4Lb1-MmE,4,4027,4344,footwork,2,wing,62,2017,zsE4Lb1-MmE.4027.4344
zsE4Lb1-MmE,5,4617,4722,toprock,0,menno,34,2017,zsE4Lb1-MmE.4617.4722
zsE4Lb1-MmE,5,4721,5041,footwork,2,menno,34,2017,zsE4Lb1-MmE.4721.5041
zsE4Lb1-MmE,5,5040,5270,powermove,1,menno,34,2017,zsE4Lb1-MmE.5040.5270
2Ui_xim3XXc,0,2999,3403,toprock,0,victor,60,2018,2Ui_xim3XXc.2999.3403
2Ui_xim3XXc,0,3493,4239,footwork,2,victor,60,2018,2Ui_xim3XXc.3493.4239
2Ui_xim3XXc,0,4241,4501,powermove,1,victor,60,2018,2Ui_xim3XXc.4241.4501
2Ui_xim3XXc,0,4610,4722,footwork,2,victor,60,2018,2Ui_xim3XXc.4610.4722
2Ui_xim3XXc,1,4805,4991,toprock,0,uzee rock,58,2018,2Ui_xim3XXc.4805.4991
2Ui_xim3XXc,1,4997,5152,powermove,1,uzee rock,58,2018,2Ui_xim3XXc.4997.5152
2Ui_xim3XXc,1,5154,5205,toprock,0,uzee rock,58,2018,2Ui_xim3XXc.5154.5205
2Ui_xim3XXc,1,5210,5637,powermove,1,uzee rock,58,2018,2Ui_xim3XXc.5210.5637
2Ui_xim3XXc,1,5637,5826,footwork,2,uzee rock,58,2018,2Ui_xim3XXc.5637.5826
2Ui_xim3XXc,2,6328,6686,toprock,0,victor,60,2018,2Ui_xim3XXc.6328.6686
2Ui_xim3XXc,2,6693,7593,footwork,2,victor,60,2018,2Ui_xim3XXc.6693.7593
2Ui_xim3XXc,3,7826,7943,toprock,0,uzee rock,58,2018,2Ui_xim3XXc.7826.7943
2Ui_xim3XXc,3,7949,8169,powermove,1,uzee rock,58,2018,2Ui_xim3XXc.7949.8169
2Ui_xim3XXc,3,8176,8572,footwork,2,uzee rock,58,2018,2Ui_xim3XXc.8176.8572
2Ui_xim3XXc,3,8574,8671,toprock,0,uzee rock,58,2018,2Ui_xim3XXc.8574.8671
2Ui_xim3XXc,4,9167,9472,toprock,0,victor,60,2018,2Ui_xim3XXc.9167.9472
2Ui_xim3XXc,4,9474,10306,footwork,2,victor,60,2018,2Ui_xim3XXc.9474.10306
2Ui_xim3XXc,5,10389,10691,toprock,0,uzee rock,58,2018,2Ui_xim3XXc.10389.10691
2Ui_xim3XXc,5,10696,10904,powermove,1,uzee rock,58,2018,2Ui_xim3XXc.10696.10904
2Ui_xim3XXc,5,10913,11299,footwork,2,uzee rock,58,2018,2Ui_xim3XXc.10913.11299
CCq67gNRKTw,0,162,304,toprock,0,hill,14,2018,CCq67gNRKTw.162.304
CCq67gNRKTw,0,309,573,footwork,2,hill,14,2018,CCq67gNRKTw.309.573
CCq67gNRKTw,0,580,691,toprock,0,hill,14,2018,CCq67gNRKTw.580.691
CCq67gNRKTw,0,693,762,footwork,2,hill,14,2018,CCq67gNRKTw.693.762
CCq67gNRKTw,0,767,992,powermove,1,hill,14,2018,CCq67gNRKTw.767.992
CCq67gNRKTw,1,1097,1506,toprock,0,luigi,30,2018,CCq67gNRKTw.1097.1506
CCq67gNRKTw,1,1508,1606,powermove,1,luigi,30,2018,CCq67gNRKTw.1508.1606
CCq67gNRKTw,1,1613,1710,toprock,0,luigi,30,2018,CCq67gNRKTw.1613.1710
CCq67gNRKTw,1,1713,1745,footwork,2,luigi,30,2018,CCq67gNRKTw.1713.1745
CCq67gNRKTw,1,1750,1971,powermove,1,luigi,30,2018,CCq67gNRKTw.1750.1971
CCq67gNRKTw,2,2049,2224,toprock,0,hill,14,2018,CCq67gNRKTw.2049.2224
CCq67gNRKTw,2,2232,2359,footwork,2,hill,14,2018,CCq67gNRKTw.2232.2359
CCq67gNRKTw,2,2362,2720,powermove,1,hill,14,2018,CCq67gNRKTw.2362.2720
CCq67gNRKTw,3,2791,3173,toprock,0,luigi,30,2018,CCq67gNRKTw.2791.3173
CCq67gNRKTw,3,3174,3573,footwork,2,luigi,30,2018,CCq67gNRKTw.3174.3573
CCq67gNRKTw,4,3717,4067,toprock,0,hill,14,2018,CCq67gNRKTw.3717.4067
CCq67gNRKTw,4,4082,4177,powermove,1,hill,14,2018,CCq67gNRKTw.4082.4177
CCq67gNRKTw,4,4186,4357,footwork,2,hill,14,2018,CCq67gNRKTw.4186.4357
CCq67gNRKTw,4,4358,4483,toprock,0,hill,14,2018,CCq67gNRKTw.4358.4483
CCq67gNRKTw,4,4485,4632,powermove,1,hill,14,2018,CCq67gNRKTw.4485.4632
CCq67gNRKTw,5,4698,4941,powermove,1,luigi,30,2018,CCq67gNRKTw.4698.4941
CCq67gNRKTw,5,4945,5223,footwork,2,luigi,30,2018,CCq67gNRKTw.4945.5223
ILuhYlZOqcE,0,190,794,toprock,0,chey,7,2018,ILuhYlZOqcE.190.794
ILuhYlZOqcE,0,797,2076,footwork,2,chey,7,2018,ILuhYlZOqcE.797.2076
ILuhYlZOqcE,0,2083,2158,toprock,0,chey,7,2018,ILuhYlZOqcE.2083.2158
ILuhYlZOqcE,1,2336,2419,toprock,0,uzee rock,58,2018,ILuhYlZOqcE.2336.2419
ILuhYlZOqcE,1,2426,2845,footwork,2,uzee rock,58,2018,ILuhYlZOqcE.2426.2845
ILuhYlZOqcE,1,2853,2977,toprock,0,uzee rock,58,2018,ILuhYlZOqcE.2853.2977
ILuhYlZOqcE,2,3363,3557,powermove,1,chey,7,2018,ILuhYlZOqcE.3363.3557
ILuhYlZOqcE,2,3572,3686,footwork,2,chey,7,2018,ILuhYlZOqcE.3572.3686
ILuhYlZOqcE,2,3692,3801,toprock,0,chey,7,2018,ILuhYlZOqcE.3692.3801
ILuhYlZOqcE,2,3810,4506,footwork,2,chey,7,2018,ILuhYlZOqcE.3810.4506
ILuhYlZOqcE,2,4521,4619,toprock,0,chey,7,2018,ILuhYlZOqcE.4521.4619
ILuhYlZOqcE,3,4794,4977,toprock,0,uzee rock,58,2018,ILuhYlZOqcE.4794.4977
ILuhYlZOqcE,3,4986,5454,footwork,2,uzee rock,58,2018,ILuhYlZOqcE.4986.5454
ILuhYlZOqcE,4,5879,6515,toprock,0,chey,7,2018,ILuhYlZOqcE.5879.6515
ILuhYlZOqcE,4,6523,7633,footwork,2,chey,7,2018,ILuhYlZOqcE.6523.7633
ILuhYlZOqcE,5,7845,8025,toprock,0,uzee rock,58,2018,ILuhYlZOqcE.7845.8025
ILuhYlZOqcE,5,8035,8585,footwork,2,uzee rock,58,2018,ILuhYlZOqcE.8035.8585
JwaxirDpmOA,0,303,463,toprock,0,victor,60,2018,JwaxirDpmOA.303.463
JwaxirDpmOA,0,468,672,powermove,1,victor,60,2018,JwaxirDpmOA.468.672
JwaxirDpmOA,0,681,1023,footwork,2,victor,60,2018,JwaxirDpmOA.681.1023
JwaxirDpmOA,1,1101,1379,toprock,0,leony,24,2018,JwaxirDpmOA.1101.1379
JwaxirDpmOA,1,1385,1484,powermove,1,leony,24,2018,JwaxirDpmOA.1385.1484
JwaxirDpmOA,1,1489,2016,footwork,2,leony,24,2018,JwaxirDpmOA.1489.2016
JwaxirDpmOA,2,2113,2216,toprock,0,victor,60,2018,JwaxirDpmOA.2113.2216
JwaxirDpmOA,2,2220,2524,powermove,1,victor,60,2018,JwaxirDpmOA.2220.2524
JwaxirDpmOA,2,2526,2786,footwork,2,victor,60,2018,JwaxirDpmOA.2526.2786
JwaxirDpmOA,3,2920,3187,toprock,0,leony,24,2018,JwaxirDpmOA.2920.3187
JwaxirDpmOA,3,3190,3787,footwork,2,leony,24,2018,JwaxirDpmOA.3190.3787
JwaxirDpmOA,4,3917,3993,toprock,0,victor,60,2018,JwaxirDpmOA.3917.3993
JwaxirDpmOA,4,3995,4558,powermove,1,victor,60,2018,JwaxirDpmOA.3995.4558
JwaxirDpmOA,4,4566,4700,footwork,2,victor,60,2018,JwaxirDpmOA.4566.4700
JwaxirDpmOA,5,4804,4966,footwork,2,leony,24,2018,JwaxirDpmOA.4804.4966
JwaxirDpmOA,5,4982,5037,toprock,0,leony,24,2018,JwaxirDpmOA.4982.5037
JwaxirDpmOA,5,5042,5521,footwork,2,leony,24,2018,JwaxirDpmOA.5042.5521
Ow8cbsVCGoE,0,2972,3277,toprock,0,lil zoo,27,2018,Ow8cbsVCGoE.2972.3277
Ow8cbsVCGoE,0,3295,3482,powermove,1,lil zoo,27,2018,Ow8cbsVCGoE.3295.3482
Ow8cbsVCGoE,0,3488,3864,footwork,2,lil zoo,27,2018,Ow8cbsVCGoE.3488.3864
Ow8cbsVCGoE,1,4076,4253,toprock,0,lil kev,26,2018,Ow8cbsVCGoE.4076.4253
Ow8cbsVCGoE,1,4258,4655,powermove,1,lil kev,26,2018,Ow8cbsVCGoE.4258.4655
Ow8cbsVCGoE,2,4863,4996,toprock,0,lil zoo,27,2018,Ow8cbsVCGoE.4863.4996
Ow8cbsVCGoE,2,5000,5553,footwork,2,lil zoo,27,2018,Ow8cbsVCGoE.5000.5553
Ow8cbsVCGoE,3,5626,5826,toprock,0,lil kev,26,2018,Ow8cbsVCGoE.5626.5826
Ow8cbsVCGoE,3,5922,6010,toprock,0,lil kev,26,2018,Ow8cbsVCGoE.5922.6010
Ow8cbsVCGoE,3,6027,6472,powermove,1,lil kev,26,2018,Ow8cbsVCGoE.6027.6472
Ow8cbsVCGoE,4,6696,6797,toprock,0,lil zoo,27,2018,Ow8cbsVCGoE.6696.6797
Ow8cbsVCGoE,4,6800,7223,footwork,2,lil zoo,27,2018,Ow8cbsVCGoE.6800.7223
Ow8cbsVCGoE,5,7470,7683,toprock,0,lil kev,26,2018,Ow8cbsVCGoE.7470.7683
Ow8cbsVCGoE,5,7687,8115,powermove,1,lil kev,26,2018,Ow8cbsVCGoE.7687.8115
XkqFeIQ-e98,0,1314,1397,toprock,0,lil zoo,27,2018,XkqFeIQ-e98.1314.1397
XkqFeIQ-e98,0,1402,1663,footwork,2,lil zoo,27,2018,XkqFeIQ-e98.1402.1663
XkqFeIQ-e98,0,1668,1939,powermove,1,lil zoo,27,2018,XkqFeIQ-e98.1668.1939
XkqFeIQ-e98,1,2006,2377,toprock,0,luigi,30,2018,XkqFeIQ-e98.2006.2377
XkqFeIQ-e98,1,2379,2543,powermove,1,luigi,30,2018,XkqFeIQ-e98.2379.2543
XkqFeIQ-e98,1,2549,2835,footwork,2,luigi,30,2018,XkqFeIQ-e98.2549.2835
XkqFeIQ-e98,2,2882,3078,powermove,1,lil zoo,27,2018,XkqFeIQ-e98.2882.3078
XkqFeIQ-e98,2,3085,3220,toprock,0,lil zoo,27,2018,XkqFeIQ-e98.3085.3220
XkqFeIQ-e98,2,3224,3488,footwork,2,lil zoo,27,2018,XkqFeIQ-e98.3224.3488
XkqFeIQ-e98,3,3578,4154,footwork,2,luigi,30,2018,XkqFeIQ-e98.3578.4154
XkqFeIQ-e98,4,4263,4343,toprock,0,lil zoo,27,2018,XkqFeIQ-e98.4263.4343
XkqFeIQ-e98,4,4343,4487,powermove,1,lil zoo,27,2018,XkqFeIQ-e98.4343.4487
XkqFeIQ-e98,4,4488,4816,footwork,2,lil zoo,27,2018,XkqFeIQ-e98.4488.4816
XkqFeIQ-e98,5,4868,4936,toprock,0,luigi,30,2018,XkqFeIQ-e98.4868.4936
XkqFeIQ-e98,5,4939,5488,footwork,2,luigi,30,2018,XkqFeIQ-e98.4939.5488
XkqFeIQ-e98,6,5539,5724,powermove,1,lil zoo,27,2018,XkqFeIQ-e98.5539.5724
aPCmlKU9H70,0,620,856,toprock,0,sunni,52,2018,aPCmlKU9H70.620.856
aPCmlKU9H70,0,860,1382,powermove,1,sunni,52,2018,aPCmlKU9H70.860.1382
aPCmlKU9H70,0,1386,1671,footwork,2,sunni,52,2018,aPCmlKU9H70.1386.1671
aPCmlKU9H70,1,1770,1895,toprock,0,luigi,30,2018,aPCmlKU9H70.1770.1895
aPCmlKU9H70,1,1912,1979,powermove,1,luigi,30,2018,aPCmlKU9H70.1912.1979
aPCmlKU9H70,1,1992,2338,footwork,2,luigi,30,2018,aPCmlKU9H70.1992.2338
aPCmlKU9H70,2,2558,2761,toprock,0,sunni,52,2018,aPCmlKU9H70.2558.2761
aPCmlKU9H70,2,2765,3072,powermove,1,sunni,52,2018,aPCmlKU9H70.2765.3072
aPCmlKU9H70,2,3076,3400,footwork,2,sunni,52,2018,aPCmlKU9H70.3076.3400
aPCmlKU9H70,3,3501,3633,powermove,1,luigi,30,2018,aPCmlKU9H70.3501.3633
aPCmlKU9H70,3,3652,3828,toprock,0,luigi,30,2018,aPCmlKU9H70.3652.3828
aPCmlKU9H70,3,3830,4082,powermove,1,luigi,30,2018,aPCmlKU9H70.3830.4082
aPCmlKU9H70,4,4235,4415,toprock,0,sunni,52,2018,aPCmlKU9H70.4235.4415
aPCmlKU9H70,4,4417,4959,footwork,2,sunni,52,2018,aPCmlKU9H70.4417.4959
aPCmlKU9H70,5,5036,5131,toprock,0,luigi,30,2018,aPCmlKU9H70.5036.5131
aPCmlKU9H70,5,5135,5199,powermove,1,luigi,30,2018,aPCmlKU9H70.5135.5199
aPCmlKU9H70,5,5203,5361,toprock,0,luigi,30,2018,aPCmlKU9H70.5203.5361
aPCmlKU9H70,5,5363,5728,powermove,1,luigi,30,2018,aPCmlKU9H70.5363.5728
aPCmlKU9H70,5,5739,5860,footwork,2,luigi,30,2018,aPCmlKU9H70.5739.5860
axnY0XitBIo,0,257,574,toprock,0,cri6,8,2018,axnY0XitBIo.257.574
axnY0XitBIo,0,588,810,powermove,1,cri6,8,2018,axnY0XitBIo.588.810
axnY0XitBIo,0,813,1232,footwork,2,cri6,8,2018,axnY0XitBIo.813.1232
axnY0XitBIo,1,1331,1405,toprock,0,hill,14,2018,axnY0XitBIo.1331.1405
axnY0XitBIo,1,1408,1516,footwork,2,hill,14,2018,axnY0XitBIo.1408.1516
axnY0XitBIo,1,1519,1571,toprock,0,hill,14,2018,axnY0XitBIo.1519.1571
axnY0XitBIo,1,1576,1859,powermove,1,hill,14,2018,axnY0XitBIo.1576.1859
axnY0XitBIo,1,1863,1980,footwork,2,hill,14,2018,axnY0XitBIo.1863.1980
axnY0XitBIo,2,2019,2169,toprock,0,cri6,8,2018,axnY0XitBIo.2019.2169
axnY0XitBIo,2,2171,2283,footwork,2,cri6,8,2018,axnY0XitBIo.2171.2283
axnY0XitBIo,2,2287,2588,powermove,1,cri6,8,2018,axnY0XitBIo.2287.2588
axnY0XitBIo,3,2724,2983,toprock,0,hill,14,2018,axnY0XitBIo.2724.2983
axnY0XitBIo,3,2985,3094,footwork,2,hill,14,2018,axnY0XitBIo.2985.3094
axnY0XitBIo,3,3099,3211,toprock,0,hill,14,2018,axnY0XitBIo.3099.3211
axnY0XitBIo,3,3216,3393,footwork,2,hill,14,2018,axnY0XitBIo.3216.3393
axnY0XitBIo,4,3450,3588,toprock,0,cri6,8,2018,axnY0XitBIo.3450.3588
axnY0XitBIo,4,3593,3740,powermove,1,cri6,8,2018,axnY0XitBIo.3593.3740
axnY0XitBIo,4,3744,3826,toprock,0,cri6,8,2018,axnY0XitBIo.3744.3826
axnY0XitBIo,4,3831,4042,powermove,1,cri6,8,2018,axnY0XitBIo.3831.4042
axnY0XitBIo,4,4047,4147,footwork,2,cri6,8,2018,axnY0XitBIo.4047.4147
axnY0XitBIo,5,4211,4397,toprock,0,hill,14,2018,axnY0XitBIo.4211.4397
axnY0XitBIo,5,4400,4856,footwork,2,hill,14,2018,axnY0XitBIo.4400.4856
g2M6lxqsIvM,0,3066,3436,toprock,0,issei,16,2018,g2M6lxqsIvM.3066.3436
g2M6lxqsIvM,0,3441,3580,powermove,1,issei,16,2018,g2M6lxqsIvM.3441.3580
g2M6lxqsIvM,0,3585,3702,footwork,2,issei,16,2018,g2M6lxqsIvM.3585.3702
g2M6lxqsIvM,0,3705,3925,powermove,1,issei,16,2018,g2M6lxqsIvM.3705.3925
g2M6lxqsIvM,0,3931,4094,footwork,2,issei,16,2018,g2M6lxqsIvM.3931.4094
g2M6lxqsIvM,1,4156,4302,toprock,0,hill,14,2018,g2M6lxqsIvM.4156.4302
g2M6lxqsIvM,1,4306,4528,powermove,1,hill,14,2018,g2M6lxqsIvM.4306.4528
g2M6lxqsIvM,1,4532,4892,footwork,2,hill,14,2018,g2M6lxqsIvM.4532.4892
g2M6lxqsIvM,2,5013,5312,toprock,0,issei,16,2018,g2M6lxqsIvM.5013.5312
g2M6lxqsIvM,2,5349,5422,footwork,2,issei,16,2018,g2M6lxqsIvM.5349.5422
g2M6lxqsIvM,2,5426,5488,toprock,0,issei,16,2018,g2M6lxqsIvM.5426.5488
g2M6lxqsIvM,2,5492,5807,powermove,1,issei,16,2018,g2M6lxqsIvM.5492.5807
g2M6lxqsIvM,3,5911,6128,toprock,0,hill,14,2018,g2M6lxqsIvM.5911.6128
g2M6lxqsIvM,3,6134,6359,powermove,1,hill,14,2018,g2M6lxqsIvM.6134.6359
g2M6lxqsIvM,3,6369,6587,footwork,2,hill,14,2018,g2M6lxqsIvM.6369.6587
g2M6lxqsIvM,4,6655,6923,toprock,0,issei,16,2018,g2M6lxqsIvM.6655.6923
g2M6lxqsIvM,4,6932,7424,footwork,2,issei,16,2018,g2M6lxqsIvM.6932.7424
g2M6lxqsIvM,5,7565,7835,toprock,0,hill,14,2018,g2M6lxqsIvM.7565.7835
g2M6lxqsIvM,5,7839,7910,footwork,2,hill,14,2018,g2M6lxqsIvM.7839.7910
g2M6lxqsIvM,5,7915,8018,powermove,1,hill,14,2018,g2M6lxqsIvM.7915.8018
g2M6lxqsIvM,5,8023,8328,footwork,2,hill,14,2018,g2M6lxqsIvM.8023.8328
j_LtCCX-4Yc,0,357,641,toprock,0,issei,16,2018,j_LtCCX-4Yc.357.641
j_LtCCX-4Yc,0,642,1200,powermove,1,issei,16,2018,j_LtCCX-4Yc.642.1200
j_LtCCX-4Yc,0,1208,1466,footwork,2,issei,16,2018,j_LtCCX-4Yc.1208.1466
j_LtCCX-4Yc,1,1523,1784,toprock,0,luka,31,2018,j_LtCCX-4Yc.1523.1784
j_LtCCX-4Yc,1,1788,2167,powermove,1,luka,31,2018,j_LtCCX-4Yc.1788.2167
j_LtCCX-4Yc,1,2174,2571,footwork,2,luka,31,2018,j_LtCCX-4Yc.2174.2571
j_LtCCX-4Yc,2,2758,2822,toprock,0,issei,16,2018,j_LtCCX-4Yc.2758.2822
j_LtCCX-4Yc,2,2826,2963,powermove,1,issei,16,2018,j_LtCCX-4Yc.2826.2963
j_LtCCX-4Yc,2,2965,3077,toprock,0,issei,16,2018,j_LtCCX-4Yc.2965.3077
j_LtCCX-4Yc,2,3081,3130,powermove,1,issei,16,2018,j_LtCCX-4Yc.3081.3130
j_LtCCX-4Yc,2,3134,3574,footwork,2,issei,16,2018,j_LtCCX-4Yc.3134.3574
j_LtCCX-4Yc,3,3630,3748,powermove,1,luka,31,2018,j_LtCCX-4Yc.3630.3748
j_LtCCX-4Yc,3,3758,3890,footwork,2,luka,31,2018,j_LtCCX-4Yc.3758.3890
j_LtCCX-4Yc,3,3894,3950,powermove,1,luka,31,2018,j_LtCCX-4Yc.3894.3950
j_LtCCX-4Yc,3,3954,4153,footwork,2,luka,31,2018,j_LtCCX-4Yc.3954.4153
j_LtCCX-4Yc,4,4418,4513,toprock,0,issei,16,2018,j_LtCCX-4Yc.4418.4513
j_LtCCX-4Yc,4,4514,4649,footwork,2,issei,16,2018,j_LtCCX-4Yc.4514.4649
j_LtCCX-4Yc,4,4713,5185,footwork,2,issei,16,2018,j_LtCCX-4Yc.4713.5185
j_LtCCX-4Yc,5,5248,5338,toprock,0,luka,31,2018,j_LtCCX-4Yc.5248.5338
j_LtCCX-4Yc,5,5349,5701,footwork,2,luka,31,2018,j_LtCCX-4Yc.5349.5701
je265bdPIEU,0,2968,3137,toprock,0,the wolfer,55,2018,je265bdPIEU.2968.3137
je265bdPIEU,0,3141,3309,footwork,2,the wolfer,55,2018,je265bdPIEU.3141.3309
je265bdPIEU,0,3315,3385,toprock,0,the wolfer,55,2018,je265bdPIEU.3315.3385
je265bdPIEU,0,3393,3780,footwork,2,the wolfer,55,2018,je265bdPIEU.3393.3780
je265bdPIEU,1,3880,4224,toprock,0,luigi,30,2018,je265bdPIEU.3880.4224
je265bdPIEU,1,4235,4723,footwork,2,luigi,30,2018,je265bdPIEU.4235.4723
je265bdPIEU,2,4821,5134,powermove,1,the wolfer,55,2018,je265bdPIEU.4821.5134
je265bdPIEU,3,5260,5557,toprock,0,luigi,30,2018,je265bdPIEU.5260.5557
je265bdPIEU,3,5571,6096,footwork,2,luigi,30,2018,je265bdPIEU.5571.6096
je265bdPIEU,4,6173,6462,toprock,0,the wolfer,55,2018,je265bdPIEU.6173.6462
je265bdPIEU,4,6465,6886,footwork,2,the wolfer,55,2018,je265bdPIEU.6465.6886
je265bdPIEU,5,7023,7420,toprock,0,luigi,30,2018,je265bdPIEU.7023.7420
je265bdPIEU,5,7423,7763,footwork,2,luigi,30,2018,je265bdPIEU.7423.7763
l2Sb3KlMn3c,0,278,567,toprock,0,the wolfer,55,2018,l2Sb3KlMn3c.278.567
l2Sb3KlMn3c,0,569,1017,powermove,1,the wolfer,55,2018,l2Sb3KlMn3c.569.1017
l2Sb3KlMn3c,0,1028,1153,toprock,0,the wolfer,55,2018,l2Sb3KlMn3c.1028.1153
l2Sb3KlMn3c,0,1171,1412,footwork,2,the wolfer,55,2018,l2Sb3KlMn3c.1171.1412
l2Sb3KlMn3c,1,1441,1544,toprock,0,nori,40,2018,l2Sb3KlMn3c.1441.1544
l2Sb3KlMn3c,1,1547,1708,powermove,1,nori,40,2018,l2Sb3KlMn3c.1547.1708
l2Sb3KlMn3c,1,1970,2548,footwork,2,nori,40,2018,l2Sb3KlMn3c.1970.2548
l2Sb3KlMn3c,2,2671,2827,toprock,0,the wolfer,55,2018,l2Sb3KlMn3c.2671.2827
l2Sb3KlMn3c,2,2832,3439,footwork,2,the wolfer,55,2018,l2Sb3KlMn3c.2832.3439
l2Sb3KlMn3c,3,3480,3799,toprock,0,nori,40,2018,l2Sb3KlMn3c.3480.3799
l2Sb3KlMn3c,3,3808,4231,footwork,2,nori,40,2018,l2Sb3KlMn3c.3808.4231
l2Sb3KlMn3c,4,4353,4615,toprock,0,the wolfer,55,2018,l2Sb3KlMn3c.4353.4615
l2Sb3KlMn3c,4,4628,4733,footwork,2,the wolfer,55,2018,l2Sb3KlMn3c.4628.4733
l2Sb3KlMn3c,4,4781,4923,toprock,0,the wolfer,55,2018,l2Sb3KlMn3c.4781.4923
l2Sb3KlMn3c,4,4932,5419,footwork,2,the wolfer,55,2018,l2Sb3KlMn3c.4932.5419
l2Sb3KlMn3c,5,5492,5921,toprock,0,nori,40,2018,l2Sb3KlMn3c.5492.5921
l2Sb3KlMn3c,5,5927,6417,footwork,2,nori,40,2018,l2Sb3KlMn3c.5927.6417
wBYRyLAF1v8,0,952,1255,toprock,0,lil kev,26,2018,wBYRyLAF1v8.952.1255
wBYRyLAF1v8,0,1259,1698,powermove,1,lil kev,26,2018,wBYRyLAF1v8.1259.1698
wBYRyLAF1v8,1,1832,2309,powermove,1,kid colombia,20,2018,wBYRyLAF1v8.1832.2309
wBYRyLAF1v8,2,2379,2673,toprock,0,lil kev,26,2018,wBYRyLAF1v8.2379.2673
wBYRyLAF1v8,2,2811,2914,toprock,0,lil kev,26,2018,wBYRyLAF1v8.2811.2914
wBYRyLAF1v8,2,2917,3194,powermove,1,lil kev,26,2018,wBYRyLAF1v8.2917.3194
wBYRyLAF1v8,3,3316,3471,toprock,0,kid colombia,20,2018,wBYRyLAF1v8.3316.3471
wBYRyLAF1v8,3,3473,3943,footwork,2,kid colombia,20,2018,wBYRyLAF1v8.3473.3943
wBYRyLAF1v8,4,4241,4432,toprock,0,lil kev,26,2018,wBYRyLAF1v8.4241.4432
wBYRyLAF1v8,4,4439,4815,powermove,1,lil kev,26,2018,wBYRyLAF1v8.4439.4815
wBYRyLAF1v8,5,4989,5160,toprock,0,kid colombia,20,2018,wBYRyLAF1v8.4989.5160
wBYRyLAF1v8,5,5166,5564,powermove,1,kid colombia,20,2018,wBYRyLAF1v8.5166.5564
ws8ipOc_2hY,0,1778,2091,toprock,0,lil zoo,27,2018,ws8ipOc_2hY.1778.2091
ws8ipOc_2hY,0,2098,2396,footwork,2,lil zoo,27,2018,ws8ipOc_2hY.2098.2396
ws8ipOc_2hY,0,2413,2777,powermove,1,lil zoo,27,2018,ws8ipOc_2hY.2413.2777
ws8ipOc_2hY,1,2910,2968,toprock,0,victor,60,2018,ws8ipOc_2hY.2910.2968
ws8ipOc_2hY,1,2974,3245,powermove,1,victor,60,2018,ws8ipOc_2hY.2974.3245
ws8ipOc_2hY,1,3274,3623,footwork,2,victor,60,2018,ws8ipOc_2hY.3274.3623
ws8ipOc_2hY,2,3771,3868,powermove,1,lil zoo,27,2018,ws8ipOc_2hY.3771.3868
ws8ipOc_2hY,2,3942,4464,footwork,2,lil zoo,27,2018,ws8ipOc_2hY.3942.4464
ws8ipOc_2hY,3,4603,4996,footwork,2,victor,60,2018,ws8ipOc_2hY.4603.4996
ws8ipOc_2hY,4,5386,5503,toprock,0,lil zoo,27,2018,ws8ipOc_2hY.5386.5503
ws8ipOc_2hY,4,5509,5581,powermove,1,lil zoo,27,2018,ws8ipOc_2hY.5509.5581
ws8ipOc_2hY,4,5599,5979,footwork,2,lil zoo,27,2018,ws8ipOc_2hY.5599.5979
ws8ipOc_2hY,5,6122,6255,toprock,0,victor,60,2018,ws8ipOc_2hY.6122.6255
ws8ipOc_2hY,5,6258,6796,footwork,2,victor,60,2018,ws8ipOc_2hY.6258.6796
y_T6mP97gmE,0,276,713,toprock,0,lil zoo,27,2018,y_T6mP97gmE.276.713
y_T6mP97gmE,0,726,835,powermove,1,lil zoo,27,2018,y_T6mP97gmE.726.835
y_T6mP97gmE,0,854,1231,footwork,2,lil zoo,27,2018,y_T6mP97gmE.854.1231
y_T6mP97gmE,1,1279,1426,toprock,0,vero,59,2018,y_T6mP97gmE.1279.1426
y_T6mP97gmE,1,1430,1478,footwork,2,vero,59,2018,y_T6mP97gmE.1430.1478
y_T6mP97gmE,1,1482,1624,powermove,1,vero,59,2018,y_T6mP97gmE.1482.1624
y_T6mP97gmE,1,1664,1905,footwork,2,vero,59,2018,y_T6mP97gmE.1664.1905
y_T6mP97gmE,2,2054,2626,footwork,2,lil zoo,27,2018,y_T6mP97gmE.2054.2626
y_T6mP97gmE,3,2737,2915,toprock,0,vero,59,2018,y_T6mP97gmE.2737.2915
y_T6mP97gmE,3,2920,3424,footwork,2,vero,59,2018,y_T6mP97gmE.2920.3424
y_T6mP97gmE,4,3520,3889,footwork,2,lil zoo,27,2018,y_T6mP97gmE.3520.3889
y_T6mP97gmE,5,4021,4124,toprock,0,vero,59,2018,y_T6mP97gmE.4021.4124
y_T6mP97gmE,5,4128,4197,powermove,1,vero,59,2018,y_T6mP97gmE.4128.4197
y_T6mP97gmE,5,4202,4380,footwork,2,vero,59,2018,y_T6mP97gmE.4202.4380
y_T6mP97gmE,5,4386,4544,powermove,1,vero,59,2018,y_T6mP97gmE.4386.4544
y_T6mP97gmE,5,4550,4755,footwork,2,vero,59,2018,y_T6mP97gmE.4550.4755
J8DNK2qLe-s,0,105,429,toprock,0,killa kolya,23,2020,J8DNK2qLe-s.105.429
J8DNK2qLe-s,0,994,1167,powermove,1,killa kolya,23,2020,J8DNK2qLe-s.994.1167
J8DNK2qLe-s,0,1170,1219,toprock,0,killa kolya,23,2020,J8DNK2qLe-s.1170.1219
J8DNK2qLe-s,0,429,974,footwork,2,killa kolya,23,2020,J8DNK2qLe-s.429.974
J8DNK2qLe-s,1,1240,1440,toprock,0,vero,59,2020,J8DNK2qLe-s.1240.1440
J8DNK2qLe-s,1,1446,1642,powermove,1,vero,59,2020,J8DNK2qLe-s.1446.1642
J8DNK2qLe-s,1,1649,1728,toprock,0,vero,59,2020,J8DNK2qLe-s.1649.1728
J8DNK2qLe-s,1,1762,2074,footwork,2,vero,59,2020,J8DNK2qLe-s.1762.2074
J8DNK2qLe-s,2,2108,2722,footwork,2,killa kolya,23,2020,J8DNK2qLe-s.2108.2722
J8DNK2qLe-s,3,2818,3003,toprock,0,vero,59,2020,J8DNK2qLe-s.2818.3003
J8DNK2qLe-s,3,3018,3629,footwork,2,vero,59,2020,J8DNK2qLe-s.3018.3629
J8DNK2qLe-s,4,3703,4034,toprock,0,killa kolya,23,2020,J8DNK2qLe-s.3703.4034
J8DNK2qLe-s,4,4040,4404,powermove,1,killa kolya,23,2020,J8DNK2qLe-s.4040.4404
J8DNK2qLe-s,4,4424,4810,footwork,2,killa kolya,23,2020,J8DNK2qLe-s.4424.4810
J8DNK2qLe-s,5,4940,5084,toprock,0,vero,59,2020,J8DNK2qLe-s.4940.5084
J8DNK2qLe-s,5,5096,5678,powermove,1,vero,59,2020,J8DNK2qLe-s.5096.5678
Pan5R6HxlgI,0,1,296,toprock,0,shigekix,49,2020,Pan5R6HxlgI.1.296
Pan5R6HxlgI,0,296,693,powermove,1,shigekix,49,2020,Pan5R6HxlgI.296.693
Pan5R6HxlgI,0,693,912,footwork,2,shigekix,49,2020,Pan5R6HxlgI.693.912
Pan5R6HxlgI,0,912,1053,powermove,1,shigekix,49,2020,Pan5R6HxlgI.912.1053
Pan5R6HxlgI,1,1155,1365,toprock,0,vero,59,2020,Pan5R6HxlgI.1155.1365
Pan5R6HxlgI,1,1365,1794,footwork,2,vero,59,2020,Pan5R6HxlgI.1365.1794
Pan5R6HxlgI,1,1794,1910,toprock,0,vero,59,2020,Pan5R6HxlgI.1794.1910
Pan5R6HxlgI,1,1910,2088,footwork,2,vero,59,2020,Pan5R6HxlgI.1910.2088
Pan5R6HxlgI,2,2286,2518,toprock,0,shigekix,49,2020,Pan5R6HxlgI.2286.2518
Pan5R6HxlgI,2,2518,2800,powermove,1,shigekix,49,2020,Pan5R6HxlgI.2518.2800
Pan5R6HxlgI,2,2800,3071,footwork,2,shigekix,49,2020,Pan5R6HxlgI.2800.3071
Pan5R6HxlgI,2,3071,3129,powermove,1,shigekix,49,2020,Pan5R6HxlgI.3071.3129
Pan5R6HxlgI,3,3348,3524,footwork,2,vero,59,2020,Pan5R6HxlgI.3348.3524
Pan5R6HxlgI,3,3524,3656,toprock,0,vero,59,2020,Pan5R6HxlgI.3524.3656
Pan5R6HxlgI,3,3656,3944,footwork,2,vero,59,2020,Pan5R6HxlgI.3656.3944
Pan5R6HxlgI,3,3944,3979,toprock,0,vero,59,2020,Pan5R6HxlgI.3944.3979
Pan5R6HxlgI,4,4111,4175,toprock,0,shigekix,49,2020,Pan5R6HxlgI.4111.4175
Pan5R6HxlgI,4,4175,4484,powermove,1,shigekix,49,2020,Pan5R6HxlgI.4175.4484
Pan5R6HxlgI,4,4484,4524,toprock,0,shigekix,49,2020,Pan5R6HxlgI.4484.4524
Pan5R6HxlgI,4,4524,4727,footwork,2,shigekix,49,2020,Pan5R6HxlgI.4524.4727
Pan5R6HxlgI,4,4727,4785,powermove,1,shigekix,49,2020,Pan5R6HxlgI.4727.4785
Pan5R6HxlgI,5,4863,4958,toprock,0,vero,59,2020,Pan5R6HxlgI.4863.4958
Pan5R6HxlgI,5,4958,5067,footwork,2,vero,59,2020,Pan5R6HxlgI.4958.5067
Pan5R6HxlgI,5,5067,5137,powermove,1,vero,59,2020,Pan5R6HxlgI.5067.5137
Pan5R6HxlgI,5,5137,5200,toprock,0,vero,59,2020,Pan5R6HxlgI.5137.5200
Pan5R6HxlgI,5,5200,5625,footwork,2,vero,59,2020,Pan5R6HxlgI.5200.5625
R6vHm_97eBA,0,173,380,toprock,0,kastet,19,2020,R6vHm_97eBA.173.380
R6vHm_97eBA,0,401,705,powermove,1,kastet,19,2020,R6vHm_97eBA.401.705
R6vHm_97eBA,0,721,1208,footwork,2,kastet,19,2020,R6vHm_97eBA.721.1208
R6vHm_97eBA,1,1284,1634,toprock,0,mess,35,2020,R6vHm_97eBA.1284.1634
R6vHm_97eBA,1,1646,1751,powermove,1,mess,35,2020,R6vHm_97eBA.1646.1751
R6vHm_97eBA,1,1770,2220,footwork,2,mess,35,2020,R6vHm_97eBA.1770.2220
R6vHm_97eBA,2,2369,2520,toprock,0,kastet,19,2020,R6vHm_97eBA.2369.2520
R6vHm_97eBA,2,2520,2659,powermove,1,kastet,19,2020,R6vHm_97eBA.2520.2659
R6vHm_97eBA,2,2689,3166,footwork,2,kastet,19,2020,R6vHm_97eBA.2689.3166
R6vHm_97eBA,3,3283,3566,toprock,0,mess,35,2020,R6vHm_97eBA.3283.3566
R6vHm_97eBA,3,3590,3912,footwork,2,mess,35,2020,R6vHm_97eBA.3590.3912
R6vHm_97eBA,3,3924,4033,toprock,0,mess,35,2020,R6vHm_97eBA.3924.4033
R6vHm_97eBA,4,4154,4400,toprock,0,kastet,19,2020,R6vHm_97eBA.4154.4400
R6vHm_97eBA,4,4411,4912,footwork,2,kastet,19,2020,R6vHm_97eBA.4411.4912
R6vHm_97eBA,5,4991,5223,toprock,0,mess,35,2020,R6vHm_97eBA.4991.5223
R6vHm_97eBA,5,5235,5292,powermove,1,mess,35,2020,R6vHm_97eBA.5235.5292
R6vHm_97eBA,5,5304,5676,footwork,2,mess,35,2020,R6vHm_97eBA.5304.5676
TsucYFPm6Q8,0,19,157,toprock,0,lil zoo,27,2020,TsucYFPm6Q8.19.157
TsucYFPm6Q8,0,172,294,powermove,1,lil zoo,27,2020,TsucYFPm6Q8.172.294
TsucYFPm6Q8,0,310,488,footwork,2,lil zoo,27,2020,TsucYFPm6Q8.310.488
TsucYFPm6Q8,1,550,786,toprock,0,philip,43,2020,TsucYFPm6Q8.550.786
TsucYFPm6Q8,1,804,973,powermove,1,philip,43,2020,TsucYFPm6Q8.804.973
TsucYFPm6Q8,1,992,1201,footwork,2,philip,43,2020,TsucYFPm6Q8.992.1201
TsucYFPm6Q8,1,1212,1297,powermove,1,philip,43,2020,TsucYFPm6Q8.1212.1297
TsucYFPm6Q8,1,1320,1522,footwork,2,philip,43,2020,TsucYFPm6Q8.1320.1522
TsucYFPm6Q8,2,1685,1794,toprock,0,lil zoo,27,2020,TsucYFPm6Q8.1685.1794
TsucYFPm6Q8,2,1804,2065,footwork,2,lil zoo,27,2020,TsucYFPm6Q8.1804.2065
TsucYFPm6Q8,2,2071,2102,toprock,0,lil zoo,27,2020,TsucYFPm6Q8.2071.2102
TsucYFPm6Q8,2,2131,2316,powermove,1,lil zoo,27,2020,TsucYFPm6Q8.2131.2316
TsucYFPm6Q8,3,2446,2691,toprock,0,philip,43,2020,TsucYFPm6Q8.2446.2691
TsucYFPm6Q8,3,2702,3119,powermove,1,philip,43,2020,TsucYFPm6Q8.2702.3119
TsucYFPm6Q8,4,3209,3473,toprock,0,lil zoo,27,2020,TsucYFPm6Q8.3209.3473
TsucYFPm6Q8,4,3494,3543,footwork,2,lil zoo,27,2020,TsucYFPm6Q8.3494.3543
TsucYFPm6Q8,4,3564,3741,powermove,1,lil zoo,27,2020,TsucYFPm6Q8.3564.3741
TsucYFPm6Q8,5,3886,4102,toprock,0,philip,43,2020,TsucYFPm6Q8.3886.4102
TsucYFPm6Q8,5,4116,4316,powermove,1,philip,43,2020,TsucYFPm6Q8.4116.4316
TsucYFPm6Q8,5,4322,4450,footwork,2,philip,43,2020,TsucYFPm6Q8.4322.4450
YRdkxsfoo9c,0,146,281,toprock,0,madmax,33,2020,YRdkxsfoo9c.146.281
YRdkxsfoo9c,0,286,357,powermove,1,madmax,33,2020,YRdkxsfoo9c.286.357
YRdkxsfoo9c,0,364,665,footwork,2,madmax,33,2020,YRdkxsfoo9c.364.665
YRdkxsfoo9c,0,670,977,powermove,1,madmax,33,2020,YRdkxsfoo9c.670.977
YRdkxsfoo9c,1,1243,1468,toprock,0,jilou,17,2020,YRdkxsfoo9c.1243.1468
YRdkxsfoo9c,1,1481,1662,footwork,2,jilou,17,2020,YRdkxsfoo9c.1481.1662
YRdkxsfoo9c,1,1669,1699,powermove,1,jilou,17,2020,YRdkxsfoo9c.1669.1699
YRdkxsfoo9c,1,1719,1925,footwork,2,jilou,17,2020,YRdkxsfoo9c.1719.1925
YRdkxsfoo9c,2,1976,2141,toprock,0,madmax,33,2020,YRdkxsfoo9c.1976.2141
YRdkxsfoo9c,2,2154,2466,footwork,2,madmax,33,2020,YRdkxsfoo9c.2154.2466
YRdkxsfoo9c,2,2476,2584,powermove,1,madmax,33,2020,YRdkxsfoo9c.2476.2584
YRdkxsfoo9c,3,2753,2950,toprock,0,jilou,17,2020,YRdkxsfoo9c.2753.2950
YRdkxsfoo9c,3,2957,3450,powermove,1,jilou,17,2020,YRdkxsfoo9c.2957.3450
YRdkxsfoo9c,4,3554,3717,toprock,0,madmax,33,2020,YRdkxsfoo9c.3554.3717
YRdkxsfoo9c,4,3733,3968,powermove,1,madmax,33,2020,YRdkxsfoo9c.3733.3968
YRdkxsfoo9c,4,3993,4221,footwork,2,madmax,33,2020,YRdkxsfoo9c.3993.4221
YRdkxsfoo9c,5,4356,4648,toprock,0,jilou,17,2020,YRdkxsfoo9c.4356.4648
YRdkxsfoo9c,5,4654,4783,powermove,1,jilou,17,2020,YRdkxsfoo9c.4654.4783
YRdkxsfoo9c,5,4792,5241,footwork,2,jilou,17,2020,YRdkxsfoo9c.4792.5241
f4PNzVPs5aY,0,17,235,toprock,0,alkolil,0,2020,f4PNzVPs5aY.17.235
f4PNzVPs5aY,0,233,502,powermove,1,alkolil,0,2020,f4PNzVPs5aY.233.502
f4PNzVPs5aY,0,509,869,footwork,2,alkolil,0,2020,f4PNzVPs5aY.509.869
f4PNzVPs5aY,1,916,1196,toprock,0,pac pac,42,2020,f4PNzVPs5aY.916.1196
f4PNzVPs5aY,1,1205,1323,powermove,1,pac pac,42,2020,f4PNzVPs5aY.1205.1323
f4PNzVPs5aY,1,1321,1657,footwork,2,pac pac,42,2020,f4PNzVPs5aY.1321.1657
f4PNzVPs5aY,1,1664,1794,toprock,0,pac pac,42,2020,f4PNzVPs5aY.1664.1794
f4PNzVPs5aY,2,1901,2146,powermove,1,alkolil,0,2020,f4PNzVPs5aY.1901.2146
f4PNzVPs5aY,2,2150,2282,toprock,0,alkolil,0,2020,f4PNzVPs5aY.2150.2282
f4PNzVPs5aY,2,2289,2576,footwork,2,alkolil,0,2020,f4PNzVPs5aY.2289.2576
f4PNzVPs5aY,3,2821,3087,toprock,0,pac pac,42,2020,f4PNzVPs5aY.2821.3087
f4PNzVPs5aY,3,3104,3353,footwork,2,pac pac,42,2020,f4PNzVPs5aY.3104.3353
f4PNzVPs5aY,4,3498,3639,toprock,0,alkolil,0,2020,f4PNzVPs5aY.3498.3639
f4PNzVPs5aY,4,3643,4001,powermove,1,alkolil,0,2020,f4PNzVPs5aY.3643.4001
f4PNzVPs5aY,5,4182,4409,toprock,0,pac pac,42,2020,f4PNzVPs5aY.4182.4409
f4PNzVPs5aY,5,4410,4699,footwork,2,pac pac,42,2020,f4PNzVPs5aY.4410.4699
f4PNzVPs5aY,5,4712,4793,powermove,1,pac pac,42,2020,f4PNzVPs5aY.4712.4793
jmLSoBxxyhc,0,59,293,toprock,0,alkolil,0,2020,jmLSoBxxyhc.59.293
jmLSoBxxyhc,0,304,797,powermove,1,alkolil,0,2020,jmLSoBxxyhc.304.797
jmLSoBxxyhc,0,802,1176,footwork,2,alkolil,0,2020,jmLSoBxxyhc.802.1176
jmLSoBxxyhc,1,1289,1477,toprock,0,shigekix,49,2020,jmLSoBxxyhc.1289.1477
jmLSoBxxyhc,1,1491,1648,powermove,1,shigekix,49,2020,jmLSoBxxyhc.1491.1648
jmLSoBxxyhc,1,1674,2161,footwork,2,shigekix,49,2020,jmLSoBxxyhc.1674.2161
jmLSoBxxyhc,2,2222,2428,toprock,0,alkolil,0,2020,jmLSoBxxyhc.2222.2428
jmLSoBxxyhc,2,2431,2773,powermove,1,alkolil,0,2020,jmLSoBxxyhc.2431.2773
jmLSoBxxyhc,2,2785,2941,footwork,2,alkolil,0,2020,jmLSoBxxyhc.2785.2941
jmLSoBxxyhc,2,2945,3143,powermove,1,alkolil,0,2020,jmLSoBxxyhc.2945.3143
jmLSoBxxyhc,3,3291,3356,toprock,0,shigekix,49,2020,jmLSoBxxyhc.3291.3356
jmLSoBxxyhc,3,3369,3441,powermove,1,shigekix,49,2020,jmLSoBxxyhc.3369.3441
jmLSoBxxyhc,3,3440,3802,footwork,2,shigekix,49,2020,jmLSoBxxyhc.3440.3802
jmLSoBxxyhc,4,3888,4210,toprock,0,alkolil,0,2020,jmLSoBxxyhc.3888.4210
jmLSoBxxyhc,4,4236,4524,powermove,1,alkolil,0,2020,jmLSoBxxyhc.4236.4524
jmLSoBxxyhc,4,4529,4720,footwork,2,alkolil,0,2020,jmLSoBxxyhc.4529.4720
jmLSoBxxyhc,5,4852,5038,toprock,0,shigekix,49,2020,jmLSoBxxyhc.4852.5038
jmLSoBxxyhc,5,5046,5113,powermove,1,shigekix,49,2020,jmLSoBxxyhc.5046.5113
jmLSoBxxyhc,5,5121,5203,toprock,0,shigekix,49,2020,jmLSoBxxyhc.5121.5203
jmLSoBxxyhc,5,5212,5322,powermove,1,shigekix,49,2020,jmLSoBxxyhc.5212.5322
jmLSoBxxyhc,5,5330,5499,footwork,2,shigekix,49,2020,jmLSoBxxyhc.5330.5499
ne_w_zaNOLs,0,47,219,toprock,0,kastet,19,2020,ne_w_zaNOLs.47.219
ne_w_zaNOLs,0,225,719,footwork,2,kastet,19,2020,ne_w_zaNOLs.225.719
ne_w_zaNOLs,1,796,955,toprock,0,madmax,33,2020,ne_w_zaNOLs.796.955
ne_w_zaNOLs,1,973,1429,footwork,2,madmax,33,2020,ne_w_zaNOLs.973.1429
ne_w_zaNOLs,2,1504,1671,toprock,0,kastet,19,2020,ne_w_zaNOLs.1504.1671
ne_w_zaNOLs,2,1689,2041,footwork,2,kastet,19,2020,ne_w_zaNOLs.1689.2041
ne_w_zaNOLs,2,2120,2195,powermove,1,kastet,19,2020,ne_w_zaNOLs.2120.2195
ne_w_zaNOLs,2,2207,2316,footwork,2,kastet,19,2020,ne_w_zaNOLs.2207.2316
ne_w_zaNOLs,3,2451,2618,toprock,0,madmax,33,2020,ne_w_zaNOLs.2451.2618
ne_w_zaNOLs,3,2641,2731,powermove,1,madmax,33,2020,ne_w_zaNOLs.2641.2731
ne_w_zaNOLs,3,2766,3031,footwork,2,madmax,33,2020,ne_w_zaNOLs.2766.3031
ne_w_zaNOLs,4,3110,3158,powermove,1,kastet,19,2020,ne_w_zaNOLs.3110.3158
ne_w_zaNOLs,4,3172,3374,footwork,2,kastet,19,2020,ne_w_zaNOLs.3172.3374
ne_w_zaNOLs,4,3399,3476,toprock,0,kastet,19,2020,ne_w_zaNOLs.3399.3476
ne_w_zaNOLs,4,3478,3694,footwork,2,kastet,19,2020,ne_w_zaNOLs.3478.3694
ne_w_zaNOLs,5,3739,3820,powermove,1,madmax,33,2020,ne_w_zaNOLs.3739.3820
ne_w_zaNOLs,5,3906,3973,toprock,0,madmax,33,2020,ne_w_zaNOLs.3906.3973
ne_w_zaNOLs,5,3982,4400,footwork,2,madmax,33,2020,ne_w_zaNOLs.3982.4400
pdNP0-pSpTQ,0,71,388,toprock,0,madmax,33,2020,pdNP0-pSpTQ.71.388
pdNP0-pSpTQ,0,414,621,powermove,1,madmax,33,2020,pdNP0-pSpTQ.414.621
pdNP0-pSpTQ,0,632,1017,footwork,2,madmax,33,2020,pdNP0-pSpTQ.632.1017
pdNP0-pSpTQ,1,1115,1268,toprock,0,sunny,53,2020,pdNP0-pSpTQ.1115.1268
pdNP0-pSpTQ,1,1276,1399,powermove,1,sunny,53,2020,pdNP0-pSpTQ.1276.1399
pdNP0-pSpTQ,1,1406,1513,toprock,0,sunny,53,2020,pdNP0-pSpTQ.1406.1513
pdNP0-pSpTQ,1,1522,1873,footwork,2,sunny,53,2020,pdNP0-pSpTQ.1522.1873
pdNP0-pSpTQ,2,2012,2540,footwork,2,madmax,33,2020,pdNP0-pSpTQ.2012.2540
pdNP0-pSpTQ,2,2560,2702,powermove,1,madmax,33,2020,pdNP0-pSpTQ.2560.2702
pdNP0-pSpTQ,3,2826,2994,toprock,0,sunny,53,2020,pdNP0-pSpTQ.2826.2994
pdNP0-pSpTQ,3,3010,3164,powermove,1,sunny,53,2020,pdNP0-pSpTQ.3010.3164
pdNP0-pSpTQ,3,3171,3431,footwork,2,sunny,53,2020,pdNP0-pSpTQ.3171.3431
pdNP0-pSpTQ,4,3487,3819,toprock,0,madmax,33,2020,pdNP0-pSpTQ.3487.3819
pdNP0-pSpTQ,4,3863,4276,powermove,1,madmax,33,2020,pdNP0-pSpTQ.3863.4276
pdNP0-pSpTQ,4,4281,4597,footwork,2,madmax,33,2020,pdNP0-pSpTQ.4281.4597
pdNP0-pSpTQ,5,4712,4892,toprock,0,sunny,53,2020,pdNP0-pSpTQ.4712.4892
pdNP0-pSpTQ,5,4909,5068,powermove,1,sunny,53,2020,pdNP0-pSpTQ.4909.5068
pdNP0-pSpTQ,5,5081,5405,footwork,2,sunny,53,2020,pdNP0-pSpTQ.5081.5405
qrmkQKLEcAw,0,47,241,toprock,0,ayane,2,2020,qrmkQKLEcAw.47.241
qrmkQKLEcAw,0,244,429,powermove,1,ayane,2,2020,qrmkQKLEcAw.244.429
qrmkQKLEcAw,0,501,572,toprock,0,ayane,2,2020,qrmkQKLEcAw.501.572
qrmkQKLEcAw,0,583,841,footwork,2,ayane,2,2020,qrmkQKLEcAw.583.841
qrmkQKLEcAw,0,863,1044,powermove,1,ayane,2,2020,qrmkQKLEcAw.863.1044
qrmkQKLEcAw,1,1146,1495,toprock,0,kami,18,2020,qrmkQKLEcAw.1146.1495
qrmkQKLEcAw,1,1498,1849,powermove,1,kami,18,2020,qrmkQKLEcAw.1498.1849
qrmkQKLEcAw,1,1863,2165,footwork,2,kami,18,2020,qrmkQKLEcAw.1863.2165
qrmkQKLEcAw,2,2278,2615,toprock,0,ayane,2,2020,qrmkQKLEcAw.2278.2615
qrmkQKLEcAw,2,2628,2821,powermove,1,ayane,2,2020,qrmkQKLEcAw.2628.2821
qrmkQKLEcAw,2,2831,2976,toprock,0,ayane,2,2020,qrmkQKLEcAw.2831.2976
qrmkQKLEcAw,2,2990,3230,footwork,2,ayane,2,2020,qrmkQKLEcAw.2990.3230
qrmkQKLEcAw,2,3243,3443,powermove,1,ayane,2,2020,qrmkQKLEcAw.3243.3443
qrmkQKLEcAw,3,3650,3830,toprock,0,kami,18,2020,qrmkQKLEcAw.3650.3830
qrmkQKLEcAw,3,3837,3942,footwork,2,kami,18,2020,qrmkQKLEcAw.3837.3942
qrmkQKLEcAw,3,3961,4071,powermove,1,kami,18,2020,qrmkQKLEcAw.3961.4071
qrmkQKLEcAw,3,4077,4403,footwork,2,kami,18,2020,qrmkQKLEcAw.4077.4403
qrmkQKLEcAw,3,4408,4489,powermove,1,kami,18,2020,qrmkQKLEcAw.4408.4489
qrmkQKLEcAw,4,4857,5048,toprock,0,ayane,2,2020,qrmkQKLEcAw.4857.5048
qrmkQKLEcAw,4,5047,5219,footwork,2,ayane,2,2020,qrmkQKLEcAw.5047.5219
qrmkQKLEcAw,4,5226,5370,powermove,1,ayane,2,2020,qrmkQKLEcAw.5226.5370
qrmkQKLEcAw,4,5490,5609,toprock,0,ayane,2,2020,qrmkQKLEcAw.5490.5609
qrmkQKLEcAw,4,5629,5704,powermove,1,ayane,2,2020,qrmkQKLEcAw.5629.5704
qrmkQKLEcAw,4,5719,5997,footwork,2,ayane,2,2020,qrmkQKLEcAw.5719.5997
qrmkQKLEcAw,4,6016,6094,toprock,0,ayane,2,2020,qrmkQKLEcAw.6016.6094
qrmkQKLEcAw,4,6103,6221,powermove,1,ayane,2,2020,qrmkQKLEcAw.6103.6221
qrmkQKLEcAw,5,6374,6686,toprock,0,kami,18,2020,qrmkQKLEcAw.6374.6686
qrmkQKLEcAw,5,6700,7240,footwork,2,kami,18,2020,qrmkQKLEcAw.6700.7240
qrmkQKLEcAw,5,7239,7311,powermove,1,kami,18,2020,qrmkQKLEcAw.7239.7311
vWRZ6hdlwYo,0,85,160,powermove,1,jilou,17,2020,vWRZ6hdlwYo.85.160
vWRZ6hdlwYo,0,40,77,toprock,0,jilou,17,2020,vWRZ6hdlwYo.40.77
vWRZ6hdlwYo,0,169,338,footwork,2,jilou,17,2020,vWRZ6hdlwYo.169.338
vWRZ6hdlwYo,0,349,527,powermove,1,jilou,17,2020,vWRZ6hdlwYo.349.527
vWRZ6hdlwYo,1,624,1032,toprock,0,sina,50,2020,vWRZ6hdlwYo.624.1032
vWRZ6hdlwYo,1,1040,1883,footwork,2,sina,50,2020,vWRZ6hdlwYo.1040.1883
vWRZ6hdlwYo,2,2014,2271,toprock,0,jilou,17,2020,vWRZ6hdlwYo.2014.2271
vWRZ6hdlwYo,2,2275,2341,powermove,1,jilou,17,2020,vWRZ6hdlwYo.2275.2341
vWRZ6hdlwYo,2,2357,2725,footwork,2,jilou,17,2020,vWRZ6hdlwYo.2357.2725
vWRZ6hdlwYo,2,2738,2861,powermove,1,jilou,17,2020,vWRZ6hdlwYo.2738.2861
vWRZ6hdlwYo,3,2961,3403,toprock,0,sina,50,2020,vWRZ6hdlwYo.2961.3403
vWRZ6hdlwYo,3,3408,3977,footwork,2,sina,50,2020,vWRZ6hdlwYo.3408.3977
vWRZ6hdlwYo,3,3990,4040,powermove,1,sina,50,2020,vWRZ6hdlwYo.3990.4040
vWRZ6hdlwYo,4,4173,4574,toprock,0,jilou,17,2020,vWRZ6hdlwYo.4173.4574
vWRZ6hdlwYo,4,4580,4616,powermove,1,jilou,17,2020,vWRZ6hdlwYo.4580.4616
vWRZ6hdlwYo,4,4633,5083,footwork,2,jilou,17,2020,vWRZ6hdlwYo.4633.5083
vWRZ6hdlwYo,5,5148,5548,toprock,0,sina,50,2020,vWRZ6hdlwYo.5148.5548
vWRZ6hdlwYo,5,5563,6151,footwork,2,sina,50,2020,vWRZ6hdlwYo.5563.6151
vgs2VXp78bc,0,97,346,toprock,0,kastet,19,2020,vgs2VXp78bc.97.346
vgs2VXp78bc,0,357,548,powermove,1,kastet,19,2020,vgs2VXp78bc.357.548
vgs2VXp78bc,0,562,998,footwork,2,kastet,19,2020,vgs2VXp78bc.562.998
vgs2VXp78bc,1,1164,1372,toprock,0,ayane,2,2020,vgs2VXp78bc.1164.1372
vgs2VXp78bc,1,1375,1929,footwork,2,ayane,2,2020,vgs2VXp78bc.1375.1929
vgs2VXp78bc,2,2006,2559,toprock,0,kastet,19,2020,vgs2VXp78bc.2006.2559
vgs2VXp78bc,2,2565,2856,powermove,1,kastet,19,2020,vgs2VXp78bc.2565.2856
vgs2VXp78bc,2,2869,3200,footwork,2,kastet,19,2020,vgs2VXp78bc.2869.3200
vgs2VXp78bc,3,3278,3570,toprock,0,ayane,2,2020,vgs2VXp78bc.3278.3570
vgs2VXp78bc,3,3588,4077,footwork,2,ayane,2,2020,vgs2VXp78bc.3588.4077
vgs2VXp78bc,4,4238,4510,toprock,0,kastet,19,2020,vgs2VXp78bc.4238.4510
vgs2VXp78bc,4,4527,4841,powermove,1,kastet,19,2020,vgs2VXp78bc.4527.4841
vgs2VXp78bc,4,4887,5123,footwork,2,kastet,19,2020,vgs2VXp78bc.4887.5123
vgs2VXp78bc,5,5315,5578,toprock,0,ayane,2,2020,vgs2VXp78bc.5315.5578
vgs2VXp78bc,5,5594,6104,footwork,2,ayane,2,2020,vgs2VXp78bc.5594.6104
x3uelTisF6g,0,109,273,toprock,0,shigekix,49,2020,x3uelTisF6g.109.273
x3uelTisF6g,0,286,727,powermove,1,shigekix,49,2020,x3uelTisF6g.286.727
x3uelTisF6g,0,753,1143,footwork,2,shigekix,49,2020,x3uelTisF6g.753.1143
x3uelTisF6g,1,1330,1485,toprock,0,kid karam,21,2020,x3uelTisF6g.1330.1485
x3uelTisF6g,1,1502,1836,powermove,1,kid karam,21,2020,x3uelTisF6g.1502.1836
x3uelTisF6g,1,1855,1930,footwork,2,kid karam,21,2020,x3uelTisF6g.1855.1930
x3uelTisF6g,1,1939,2047,powermove,1,kid karam,21,2020,x3uelTisF6g.1939.2047
x3uelTisF6g,2,2160,2350,toprock,0,shigekix,49,2020,x3uelTisF6g.2160.2350
x3uelTisF6g,2,2363,2664,powermove,1,shigekix,49,2020,x3uelTisF6g.2363.2664
x3uelTisF6g,2,2687,3036,footwork,2,shigekix,49,2020,x3uelTisF6g.2687.3036
x3uelTisF6g,2,3053,3168,powermove,1,shigekix,49,2020,x3uelTisF6g.3053.3168
x3uelTisF6g,3,3288,3488,toprock,0,kid karam,21,2020,x3uelTisF6g.3288.3488
x3uelTisF6g,3,3492,3676,powermove,1,kid karam,21,2020,x3uelTisF6g.3492.3676
x3uelTisF6g,3,3841,4112,footwork,2,kid karam,21,2020,x3uelTisF6g.3841.4112
x3uelTisF6g,3,3697,3741,footwork,2,kid karam,21,2020,x3uelTisF6g.3697.3741
x3uelTisF6g,3,3755,3824,powermove,1,kid karam,21,2020,x3uelTisF6g.3755.3824
x3uelTisF6g,4,4282,4486,toprock,0,shigekix,49,2020,x3uelTisF6g.4282.4486
x3uelTisF6g,4,4499,4821,powermove,1,shigekix,49,2020,x3uelTisF6g.4499.4821
x3uelTisF6g,4,4838,4979,footwork,2,shigekix,49,2020,x3uelTisF6g.4838.4979
x3uelTisF6g,4,4991,5135,powermove,1,shigekix,49,2020,x3uelTisF6g.4991.5135
x3uelTisF6g,5,5241,5403,toprock,0,kid karam,21,2020,x3uelTisF6g.5241.5403
x3uelTisF6g,5,5419,5632,powermove,1,kid karam,21,2020,x3uelTisF6g.5419.5632
x3uelTisF6g,5,5647,5868,footwork,2,kid karam,21,2020,x3uelTisF6g.5647.5868
x3uelTisF6g,5,5887,6009,powermove,1,kid karam,21,2020,x3uelTisF6g.5887.6009
x3uelTisF6g,5,6024,6089,footwork,2,kid karam,21,2020,x3uelTisF6g.6024.6089
zvWiTWT3T2M,0,114,345,toprock,0,lil zoo,27,2020,zvWiTWT3T2M.114.345
zvWiTWT3T2M,0,586,677,toprock,0,lil zoo,27,2020,zvWiTWT3T2M.586.677
zvWiTWT3T2M,0,365,579,powermove,1,lil zoo,27,2020,zvWiTWT3T2M.365.579
zvWiTWT3T2M,0,697,967,footwork,2,lil zoo,27,2020,zvWiTWT3T2M.697.967
zvWiTWT3T2M,1,1040,1245,toprock,0,alkolil,0,2020,zvWiTWT3T2M.1040.1245
zvWiTWT3T2M,1,1262,1340,powermove,1,alkolil,0,2020,zvWiTWT3T2M.1262.1340
zvWiTWT3T2M,1,1356,1891,footwork,2,alkolil,0,2020,zvWiTWT3T2M.1356.1891
zvWiTWT3T2M,2,1971,2041,toprock,0,lil zoo,27,2020,zvWiTWT3T2M.1971.2041
zvWiTWT3T2M,2,2044,2127,footwork,2,lil zoo,27,2020,zvWiTWT3T2M.2044.2127
zvWiTWT3T2M,2,2134,2187,toprock,0,lil zoo,27,2020,zvWiTWT3T2M.2134.2187
zvWiTWT3T2M,2,2198,2334,powermove,1,lil zoo,27,2020,zvWiTWT3T2M.2198.2334
zvWiTWT3T2M,2,2355,2538,footwork,2,lil zoo,27,2020,zvWiTWT3T2M.2355.2538
zvWiTWT3T2M,3,2652,2883,powermove,1,alkolil,0,2020,zvWiTWT3T2M.2652.2883
zvWiTWT3T2M,3,2920,3246,footwork,2,alkolil,0,2020,zvWiTWT3T2M.2920.3246
zvWiTWT3T2M,4,3488,3561,powermove,1,lil zoo,27,2020,zvWiTWT3T2M.3488.3561
zvWiTWT3T2M,4,3573,3757,toprock,0,lil zoo,27,2020,zvWiTWT3T2M.3573.3757
zvWiTWT3T2M,4,3771,3995,powermove,1,lil zoo,27,2020,zvWiTWT3T2M.3771.3995
zvWiTWT3T2M,4,4042,4108,footwork,2,lil zoo,27,2020,zvWiTWT3T2M.4042.4108
zvWiTWT3T2M,5,4198,4270,toprock,0,alkolil,0,2020,zvWiTWT3T2M.4198.4270
zvWiTWT3T2M,5,4281,4391,powermove,1,alkolil,0,2020,zvWiTWT3T2M.4281.4391
zvWiTWT3T2M,5,4407,4563,footwork,2,alkolil,0,2020,zvWiTWT3T2M.4407.4563
zvWiTWT3T2M,5,4576,4654,powermove,1,alkolil,0,2020,zvWiTWT3T2M.4576.4654
zvWiTWT3T2M,5,4666,4699,footwork,2,alkolil,0,2020,zvWiTWT3T2M.4666.4699
